# This file uses centimeters as units for non-parametric coordinates.

mtllib spacebuilding1.mtl
g default
v -2.115334 0.000002 -4.289468
v -2.011824 0.836526 -4.289468
v -1.711350 1.591167 -4.289468
v -1.243349 2.190053 -4.289468
v -0.653667 2.574562 -4.289468
v -0.000000 2.707052 -4.289468
v 0.653667 2.574562 -4.289468
v 1.243365 2.190052 -4.289468
v 1.711350 1.591167 -4.289468
v 2.011823 0.836526 -4.289468
v 2.115333 0.000002 -4.289468
v -2.115334 0.000002 -8.277899
v -2.011824 0.836526 -8.277899
v -1.711350 1.591167 -8.277899
v -1.243349 2.190053 -8.277899
v -0.653667 2.574562 -8.277899
v -0.000000 2.707052 -8.277899
v 0.653667 2.574562 -8.277899
v 1.243365 2.190052 -8.277899
v 1.711350 1.591167 -8.277899
v 2.011823 0.836526 -8.277899
v 2.115333 0.000002 -8.277899
v 0.000012 0.000002 -4.289468
v -0.000010 -0.000000 -8.277899
v -2.115346 -0.000000 -5.137022
v -2.115326 -0.000000 -5.436127
v -2.011803 0.836525 -5.137022
v -2.011814 0.836524 -5.436127
v -1.711360 1.591166 -5.137022
v -1.711354 1.591166 -5.436127
v -1.243369 2.190054 -5.137022
v -1.243359 2.190053 -5.436127
v -0.653690 2.574565 -5.137022
v -0.653665 2.574565 -5.436127
v -0.000010 2.707054 -5.137022
v -0.000000 2.707054 -5.436127
v 0.653698 2.574563 -5.137022
v 0.653687 2.574562 -5.436127
v 1.243369 2.190051 -5.137022
v 1.243359 2.190052 -5.436127
v 1.711346 1.591166 -5.137022
v 1.711350 1.591167 -5.436127
v 2.011823 0.836526 -5.137022
v 2.011801 0.836528 -5.436127
v 2.115357 0.000002 -5.436127
v 2.115335 -0.000000 -5.137022
v -2.115346 -0.000000 -6.134131
v -2.115326 -0.000000 -6.433235
v -2.011803 0.836525 -6.134131
v -2.011814 0.836524 -6.433235
v -1.711360 1.591166 -6.134131
v -1.711354 1.591166 -6.433235
v -1.243369 2.190054 -6.134131
v -1.243359 2.190053 -6.433235
v -0.653690 2.574565 -6.134131
v -0.653677 2.574565 -6.433235
v -0.000000 2.707056 -6.134131
v -0.000000 2.707054 -6.433236
v 0.653677 2.574563 -6.134132
v 0.653677 2.574563 -6.433236
v 1.243369 2.190053 -6.134132
v 1.243369 2.190053 -6.433236
v 1.711350 1.591167 -6.134132
v 1.711350 1.591167 -6.433236
v 2.011813 0.836526 -6.134132
v 2.011813 0.836526 -6.433236
v 2.115345 -0.000000 -6.433236
v 2.115345 0.000000 -6.134132
v -2.115346 -0.000000 -7.131242
v -2.115346 -0.000000 -7.430341
v -2.011814 0.836526 -7.131242
v -2.011814 0.836526 -7.430341
v -1.711350 1.591167 -7.131242
v -1.711350 1.591167 -7.430341
v -1.243369 2.190053 -7.131242
v -1.243369 2.190053 -7.430341
v -0.653677 2.574563 -7.131242
v -0.653677 2.574563 -7.430341
v -0.000000 2.707054 -7.131242
v -0.000000 2.707054 -7.430341
v 0.653677 2.574563 -7.131242
v 0.653677 2.574563 -7.430341
v 1.243369 2.190053 -7.131242
v 1.243369 2.190053 -7.430341
v 1.711350 1.591167 -7.131242
v 1.711350 1.591167 -7.430341
v 2.011813 0.836526 -7.131242
v 2.011813 0.836526 -7.430341
v 2.115345 -0.000000 -7.430341
v 2.115345 -0.000000 -7.131242
v -2.184819 0.008598 -5.436128
v -2.204790 0.019923 -5.427341
v -2.210904 0.042053 -5.406130
v -2.210904 0.042053 -5.167021
v -2.204790 0.019923 -5.145810
v -2.184819 0.008598 -5.137023
v -2.109477 0.861570 -5.167021
v -2.100896 0.859370 -5.145810
v -2.080181 0.854058 -5.137023
v -2.080181 0.854058 -5.436128
v -2.100896 0.859370 -5.427341
v -2.109477 0.861570 -5.406130
v -1.798962 1.641459 -5.167021
v -1.791264 1.637040 -5.145810
v -1.772680 1.626373 -5.137023
v -1.772680 1.626373 -5.436128
v -1.791264 1.637040 -5.427341
v -1.798962 1.641459 -5.406130
v -1.311922 2.264733 -5.167021
v -1.305899 2.258172 -5.145810
v -1.291359 2.242332 -5.137023
v -1.291359 2.242332 -5.436128
v -1.305899 2.258172 -5.427341
v -1.311922 2.264733 -5.406130
v -0.692281 2.668772 -5.167021
v -0.688890 2.660495 -5.145810
v -0.680701 2.640512 -5.137023
v -0.680701 2.640512 -5.436128
v -0.688890 2.660495 -5.427341
v -0.692281 2.668772 -5.406130
v -0.000000 2.809088 -5.167021
v -0.000000 2.800124 -5.145810
v -0.000000 2.778481 -5.137023
v -0.000000 2.778481 -5.436128
v -0.000000 2.800124 -5.427341
v -0.000000 2.809088 -5.406130
v 0.692281 2.668772 -5.167021
v 0.688890 2.660495 -5.145810
v 0.680701 2.640512 -5.137023
v 0.680701 2.640512 -5.436128
v 0.688890 2.660495 -5.427341
v 0.692281 2.668772 -5.406130
v 1.311922 2.264733 -5.167021
v 1.305899 2.258172 -5.145810
v 1.291358 2.242331 -5.137023
v 1.291358 2.242331 -5.436128
v 1.305899 2.258172 -5.427341
v 1.311922 2.264733 -5.406130
v 1.798961 1.641459 -5.167021
v 1.791264 1.637040 -5.145810
v 1.772680 1.626373 -5.137023
v 1.772680 1.626373 -5.436128
v 1.791264 1.637040 -5.427341
v 1.798961 1.641459 -5.406130
v 2.109477 0.861570 -5.167021
v 2.100896 0.859370 -5.145810
v 2.080181 0.854058 -5.137023
v 2.080181 0.854058 -5.436128
v 2.100896 0.859370 -5.427341
v 2.109477 0.861570 -5.406130
v 2.210903 0.042053 -5.167021
v 2.204788 0.019923 -5.145810
v 2.184818 0.008598 -5.137023
v 2.210903 0.042053 -5.406130
v 2.204788 0.019923 -5.427341
v 2.184818 0.008598 -5.436128
v -2.184819 0.008598 -6.433236
v -2.204790 0.019923 -6.424449
v -2.210904 0.042053 -6.403238
v -2.210904 0.042053 -6.164129
v -2.204790 0.019923 -6.142918
v -2.184819 0.008598 -6.134132
v -2.109477 0.861570 -6.164129
v -2.100896 0.859370 -6.142918
v -2.080181 0.854058 -6.134132
v -2.080181 0.854058 -6.433236
v -2.100896 0.859370 -6.424449
v -2.109477 0.861570 -6.403238
v -1.798962 1.641459 -6.164129
v -1.791264 1.637040 -6.142918
v -1.772681 1.626373 -6.134132
v -1.772681 1.626373 -6.433236
v -1.791264 1.637040 -6.424449
v -1.798962 1.641459 -6.403238
v -1.311922 2.264733 -6.164129
v -1.305899 2.258172 -6.142918
v -1.291359 2.242332 -6.134132
v -1.291359 2.242332 -6.433236
v -1.305899 2.258172 -6.424449
v -1.311922 2.264733 -6.403238
v -0.692281 2.668772 -6.164129
v -0.688890 2.660495 -6.142918
v -0.680701 2.640512 -6.134132
v -0.680701 2.640512 -6.433236
v -0.688890 2.660495 -6.424449
v -0.692281 2.668772 -6.403238
v -0.000000 2.809088 -6.164129
v -0.000000 2.800124 -6.142918
v -0.000000 2.778481 -6.134132
v -0.000000 2.778481 -6.433236
v -0.000000 2.800124 -6.424449
v -0.000000 2.809088 -6.403238
v 0.692281 2.668772 -6.164129
v 0.688890 2.660495 -6.142918
v 0.680701 2.640512 -6.134132
v 0.680701 2.640512 -6.433236
v 0.688890 2.660495 -6.424449
v 0.692281 2.668772 -6.403238
v 1.311922 2.264733 -6.164129
v 1.305899 2.258172 -6.142918
v 1.291358 2.242331 -6.134132
v 1.291358 2.242331 -6.433236
v 1.305899 2.258172 -6.424449
v 1.311922 2.264733 -6.403238
v 1.798961 1.641459 -6.164129
v 1.791264 1.637040 -6.142918
v 1.772680 1.626373 -6.134132
v 1.772680 1.626373 -6.433236
v 1.791264 1.637040 -6.424449
v 1.798961 1.641459 -6.403238
v 2.109477 0.861570 -6.164129
v 2.100896 0.859370 -6.142918
v 2.080181 0.854058 -6.134132
v 2.080181 0.854058 -6.433236
v 2.100896 0.859370 -6.424449
v 2.109477 0.861570 -6.403238
v 2.210903 0.042053 -6.164129
v 2.204788 0.019923 -6.142918
v 2.184818 0.008598 -6.134132
v 2.210903 0.042053 -6.403238
v 2.204788 0.019923 -6.424449
v 2.184818 0.008598 -6.433236
v -2.184819 0.008598 -7.430341
v -2.204790 0.019923 -7.421556
v -2.210904 0.042053 -7.400344
v -2.210904 0.042053 -7.161238
v -2.204790 0.019923 -7.140027
v -2.184819 0.008598 -7.131242
v -2.109477 0.861570 -7.161238
v -2.100896 0.859370 -7.140027
v -2.080181 0.854058 -7.131242
v -2.080181 0.854058 -7.430341
v -2.100896 0.859370 -7.421556
v -2.109477 0.861570 -7.400344
v -1.798962 1.641459 -7.161238
v -1.791264 1.637040 -7.140027
v -1.772680 1.626373 -7.131242
v -1.772680 1.626373 -7.430341
v -1.791264 1.637040 -7.421556
v -1.798962 1.641459 -7.400344
v -1.311922 2.264733 -7.161238
v -1.305899 2.258172 -7.140027
v -1.291359 2.242332 -7.131242
v -1.291359 2.242332 -7.430341
v -1.305899 2.258172 -7.421556
v -1.311922 2.264733 -7.400344
v -0.692281 2.668772 -7.161238
v -0.688890 2.660495 -7.140027
v -0.680701 2.640512 -7.131242
v -0.680701 2.640512 -7.430341
v -0.688890 2.660495 -7.421556
v -0.692281 2.668772 -7.400344
v -0.000000 2.809088 -7.161238
v -0.000000 2.800124 -7.140027
v -0.000000 2.778481 -7.131242
v -0.000000 2.778481 -7.430341
v -0.000000 2.800124 -7.421556
v -0.000000 2.809088 -7.400344
v 0.692281 2.668771 -7.161238
v 0.688889 2.660494 -7.140027
v 0.680701 2.640512 -7.131242
v 0.680701 2.640512 -7.430341
v 0.688889 2.660494 -7.421556
v 0.692281 2.668771 -7.400344
v 1.311922 2.264733 -7.161238
v 1.305899 2.258172 -7.140027
v 1.291358 2.242331 -7.131242
v 1.291358 2.242331 -7.430341
v 1.305899 2.258172 -7.421556
v 1.311922 2.264733 -7.400344
v 1.798961 1.641459 -7.161238
v 1.791263 1.637040 -7.140027
v 1.772680 1.626373 -7.131242
v 1.772680 1.626373 -7.430341
v 1.791263 1.637040 -7.421556
v 1.798961 1.641459 -7.400344
v 2.109477 0.861570 -7.161238
v 2.100896 0.859370 -7.140027
v 2.080181 0.854058 -7.131242
v 2.080181 0.854058 -7.430341
v 2.100896 0.859370 -7.421556
v 2.109477 0.861570 -7.400344
v 2.210903 0.042053 -7.161238
v 2.204788 0.019923 -7.140027
v 2.184818 0.008598 -7.131242
v 2.210903 0.042053 -7.400344
v 2.204788 0.019923 -7.421556
v 2.184818 0.008598 -7.430341
v -0.597662 0.174917 -8.277900
v -0.582700 0.445144 -8.277900
v -0.000000 0.174917 -8.277900
v -0.489156 0.970296 -8.277900
v -0.348347 1.373075 -8.277900
v -0.179452 1.619236 -8.277900
v -0.000000 1.700536 -8.277900
v 0.179452 1.619236 -8.277900
v 0.348346 1.373075 -8.277900
v 0.489155 0.970296 -8.277900
v 0.582699 0.445144 -8.277900
v 0.597661 0.174917 -8.277900
v -0.597662 0.174917 -8.177899
v -0.582700 0.445144 -8.177899
v -0.000000 0.174917 -8.177899
v -0.489156 0.970296 -8.177899
v -0.348347 1.373075 -8.177899
v -0.179452 1.619236 -8.177899
v -0.000000 1.700536 -8.177899
v 0.179452 1.619236 -8.177899
v 0.348346 1.373075 -8.177899
v 0.489155 0.970296 -8.177899
v 0.582699 0.445144 -8.177899
v 0.597661 0.174917 -8.177899
v -0.456279 6.253335 0.088006
v -1.608069 6.091955 0.088006
v -1.214756 7.475765 0.088006
v -1.608069 6.091955 -0.088006
v -1.214756 7.475765 -0.088006
v -0.456279 6.253335 -0.088006
v 0.456279 6.253335 0.088006
v 1.608068 6.091955 0.088006
v 1.214757 7.475765 0.088006
v 1.608068 6.091955 -0.088006
v 1.214757 7.475765 -0.088006
v 0.456279 6.253335 -0.088006
v -1.469906 6.152463 -0.088006
v -1.180430 7.170942 -0.088006
v -0.622193 6.271239 -0.088006
v -0.622193 6.271239 0.088006
v -1.469906 6.152463 0.088006
v -1.180430 7.170942 0.088006
v 0.622193 6.271238 -0.088006
v 1.469905 6.152463 -0.088006
v 1.180430 7.170942 -0.088006
v 1.469905 6.152463 0.088006
v 1.180430 7.170942 0.088006
v 0.622193 6.271238 0.088006
v -1.469906 6.152463 -0.037772
v -1.180430 7.170942 -0.037772
v -0.622193 6.271239 -0.037772
v -0.622193 6.271239 0.037772
v -1.469906 6.152463 0.037772
v -1.180430 7.170942 0.037772
v 0.622193 6.271238 -0.037772
v 1.469905 6.152463 -0.037772
v 1.180430 7.170942 -0.037772
v 1.469905 6.152463 0.037772
v 1.180430 7.170942 0.037772
v 0.622193 6.271238 0.037772
v -0.309543 0.795598 -8.130369
v -0.311575 0.791609 -8.130369
v -0.314741 0.788443 -8.130369
v -0.318730 0.786410 -8.130369
v -0.323152 0.785710 -8.130369
v -0.327574 0.786410 -8.130369
v -0.331564 0.788443 -8.130369
v -0.334730 0.791609 -8.130369
v -0.336762 0.795598 -8.130369
v -0.337463 0.800020 -8.130369
v -0.336762 0.804442 -8.130369
v -0.334730 0.808432 -8.130369
v -0.331564 0.811597 -8.130369
v -0.327574 0.813630 -8.130369
v -0.323152 0.814330 -8.130369
v -0.318730 0.813630 -8.130369
v -0.314741 0.811597 -8.130369
v -0.311575 0.808432 -8.130369
v -0.309543 0.804442 -8.130369
v -0.308842 0.800020 -8.130369
v -0.309543 0.795598 -8.230808
v -0.311575 0.791609 -8.230808
v -0.314741 0.788443 -8.230808
v -0.318730 0.786410 -8.230808
v -0.323152 0.785710 -8.230808
v -0.327574 0.786410 -8.230808
v -0.331564 0.788443 -8.230808
v -0.334730 0.791609 -8.230808
v -0.336762 0.795598 -8.230808
v -0.337463 0.800020 -8.230808
v -0.336762 0.804442 -8.230808
v -0.334730 0.808432 -8.230808
v -0.331564 0.811597 -8.230808
v -0.327574 0.813630 -8.230808
v -0.323152 0.814330 -8.230808
v -0.318730 0.813630 -8.230808
v -0.314741 0.811597 -8.230808
v -0.311575 0.808432 -8.230808
v -0.309543 0.804442 -8.230808
v -0.308842 0.800020 -8.230808
v -0.323152 0.800020 -8.130369
v -0.323152 0.800020 -8.230808
v -0.316590 0.767032 -8.263233
v -0.317451 0.767032 -8.264921
v -0.318791 0.767032 -8.266261
v -0.320479 0.767032 -8.267121
v -0.322351 0.767032 -8.267418
v -0.324222 0.767032 -8.267121
v -0.325911 0.767032 -8.266261
v -0.327251 0.767032 -8.264921
v -0.328111 0.767032 -8.263233
v -0.328407 0.767032 -8.261361
v -0.328111 0.767032 -8.259489
v -0.327251 0.767032 -8.257801
v -0.325911 0.767032 -8.256461
v -0.324222 0.767032 -8.255601
v -0.322351 0.767032 -8.255304
v -0.320479 0.767032 -8.255601
v -0.318791 0.767032 -8.256461
v -0.317451 0.767032 -8.257801
v -0.316590 0.767032 -8.259489
v -0.316294 0.767032 -8.261361
v -0.310972 0.768450 -8.265059
v -0.312671 0.768450 -8.268394
v -0.315318 0.768450 -8.271041
v -0.318653 0.768450 -8.272739
v -0.322351 0.768450 -8.273326
v -0.326048 0.768450 -8.272739
v -0.329383 0.768450 -8.271041
v -0.332030 0.768450 -8.268394
v -0.333729 0.768450 -8.265059
v -0.334315 0.768450 -8.261361
v -0.333729 0.768450 -8.257664
v -0.332030 0.768450 -8.254329
v -0.329383 0.768450 -8.251681
v -0.326048 0.768450 -8.249983
v -0.322351 0.768450 -8.249396
v -0.318653 0.768450 -8.249983
v -0.315318 0.768450 -8.251681
v -0.312671 0.768450 -8.254329
v -0.310972 0.768450 -8.257664
v -0.310386 0.768450 -8.261361
v -0.305634 0.770775 -8.266793
v -0.308130 0.770775 -8.271693
v -0.312019 0.770775 -8.275581
v -0.316919 0.770775 -8.278078
v -0.322351 0.770775 -8.278938
v -0.327782 0.770775 -8.278078
v -0.332682 0.770775 -8.275581
v -0.336571 0.770775 -8.271693
v -0.339068 0.770775 -8.266793
v -0.339928 0.770775 -8.261361
v -0.339068 0.770775 -8.255929
v -0.336571 0.770775 -8.251029
v -0.332682 0.770775 -8.247141
v -0.327782 0.770775 -8.244644
v -0.322351 0.770775 -8.243784
v -0.316919 0.770775 -8.244644
v -0.312019 0.770775 -8.247141
v -0.308130 0.770775 -8.251029
v -0.305634 0.770775 -8.255929
v -0.304773 0.770775 -8.261361
v -0.300707 0.773950 -8.268394
v -0.303939 0.773950 -8.274737
v -0.308974 0.773950 -8.279773
v -0.315318 0.773950 -8.283005
v -0.322351 0.773950 -8.284119
v -0.329383 0.773950 -8.283005
v -0.335727 0.773950 -8.279773
v -0.340762 0.773950 -8.274737
v -0.343994 0.773950 -8.268394
v -0.345108 0.773950 -8.261361
v -0.343994 0.773950 -8.254329
v -0.340762 0.773950 -8.247985
v -0.335727 0.773950 -8.242949
v -0.329383 0.773950 -8.239717
v -0.322351 0.773950 -8.238604
v -0.315318 0.773950 -8.239717
v -0.308974 0.773950 -8.242949
v -0.303939 0.773950 -8.247985
v -0.300707 0.773950 -8.254329
v -0.299593 0.773950 -8.261361
v -0.296313 0.777895 -8.269821
v -0.300202 0.777895 -8.277453
v -0.306259 0.777895 -8.283510
v -0.313891 0.777895 -8.287398
v -0.322351 0.777895 -8.288738
v -0.330811 0.777895 -8.287398
v -0.338443 0.777895 -8.283510
v -0.344499 0.777895 -8.277453
v -0.348388 0.777895 -8.269821
v -0.349728 0.777895 -8.261361
v -0.348388 0.777895 -8.252901
v -0.344499 0.777895 -8.245269
v -0.338443 0.777895 -8.239212
v -0.330811 0.777895 -8.235324
v -0.322351 0.777895 -8.233984
v -0.313891 0.777895 -8.235324
v -0.306259 0.777895 -8.239212
v -0.300202 0.777895 -8.245269
v -0.296313 0.777895 -8.252901
v -0.294973 0.777895 -8.261361
v -0.292561 0.782515 -8.271041
v -0.297010 0.782515 -8.279773
v -0.303939 0.782515 -8.286702
v -0.312671 0.782515 -8.291151
v -0.322351 0.782515 -8.292685
v -0.332030 0.782515 -8.291151
v -0.340762 0.782515 -8.286702
v -0.347692 0.782515 -8.279773
v -0.352141 0.782515 -8.271041
v -0.353674 0.782515 -8.261361
v -0.352141 0.782515 -8.251681
v -0.347692 0.782515 -8.242949
v -0.340762 0.782515 -8.236020
v -0.332030 0.782515 -8.231571
v -0.322351 0.782515 -8.230038
v -0.312671 0.782515 -8.231571
v -0.303939 0.782515 -8.236020
v -0.297010 0.782515 -8.242949
v -0.292561 0.782515 -8.251681
v -0.291028 0.782515 -8.261361
v -0.289542 0.787695 -8.272021
v -0.294442 0.787695 -8.281638
v -0.302074 0.787695 -8.289270
v -0.311690 0.787695 -8.294170
v -0.322351 0.787695 -8.295858
v -0.333011 0.787695 -8.294170
v -0.342628 0.787695 -8.289270
v -0.350260 0.787695 -8.281638
v -0.355160 0.787695 -8.272021
v -0.356848 0.787695 -8.261361
v -0.355160 0.787695 -8.250701
v -0.350260 0.787695 -8.241084
v -0.342628 0.787695 -8.233452
v -0.333011 0.787695 -8.228552
v -0.322351 0.787695 -8.226864
v -0.311690 0.787695 -8.228552
v -0.302074 0.787695 -8.233452
v -0.294442 0.787695 -8.241084
v -0.289542 0.787695 -8.250701
v -0.287853 0.787695 -8.261361
v -0.287330 0.793308 -8.272739
v -0.292561 0.793308 -8.283005
v -0.300707 0.793308 -8.291151
v -0.310972 0.793308 -8.296381
v -0.322351 0.793308 -8.298183
v -0.333729 0.793308 -8.296381
v -0.343994 0.793308 -8.291151
v -0.352141 0.793308 -8.283005
v -0.357371 0.793308 -8.272739
v -0.359173 0.793308 -8.261361
v -0.357371 0.793308 -8.249983
v -0.352141 0.793308 -8.239717
v -0.343994 0.793308 -8.231571
v -0.333729 0.793308 -8.226341
v -0.322351 0.793308 -8.224539
v -0.310972 0.793308 -8.226341
v -0.300707 0.793308 -8.231571
v -0.292561 0.793308 -8.239717
v -0.287330 0.793308 -8.249983
v -0.285528 0.793308 -8.261361
v -0.285982 0.799216 -8.273178
v -0.291413 0.799216 -8.283838
v -0.299873 0.799216 -8.292298
v -0.310534 0.799216 -8.297730
v -0.322351 0.799216 -8.299602
v -0.334168 0.799216 -8.297730
v -0.344828 0.799216 -8.292298
v -0.353288 0.799216 -8.283838
v -0.358720 0.799216 -8.273178
v -0.360591 0.799216 -8.261361
v -0.358720 0.799216 -8.249544
v -0.353288 0.799216 -8.238884
v -0.344828 0.799216 -8.230424
v -0.334168 0.799216 -8.224992
v -0.322351 0.799216 -8.223121
v -0.310534 0.799216 -8.224992
v -0.299873 0.799216 -8.230424
v -0.291413 0.799216 -8.238884
v -0.285982 0.799216 -8.249544
v -0.284110 0.799216 -8.261361
v -0.285528 0.805273 -8.273326
v -0.291028 0.805273 -8.284119
v -0.299593 0.805273 -8.292685
v -0.310386 0.805273 -8.298183
v -0.322351 0.805273 -8.300078
v -0.334315 0.805273 -8.298183
v -0.345108 0.805273 -8.292685
v -0.353674 0.805273 -8.284119
v -0.359173 0.805273 -8.273326
v -0.361068 0.805273 -8.261361
v -0.359173 0.805273 -8.249396
v -0.353674 0.805273 -8.238604
v -0.345108 0.805273 -8.230038
v -0.334315 0.805273 -8.224539
v -0.322351 0.805273 -8.222644
v -0.310386 0.805273 -8.224539
v -0.299593 0.805273 -8.230038
v -0.291028 0.805273 -8.238604
v -0.285528 0.805273 -8.249396
v -0.283633 0.805273 -8.261361
v -0.285982 0.811329 -8.273178
v -0.291413 0.811329 -8.283838
v -0.299873 0.811329 -8.292298
v -0.310534 0.811329 -8.297730
v -0.322351 0.811329 -8.299602
v -0.334168 0.811329 -8.297730
v -0.344828 0.811329 -8.292298
v -0.353288 0.811329 -8.283838
v -0.358720 0.811329 -8.273178
v -0.360591 0.811329 -8.261361
v -0.358720 0.811329 -8.249544
v -0.353288 0.811329 -8.238884
v -0.344828 0.811329 -8.230424
v -0.334168 0.811329 -8.224992
v -0.322351 0.811329 -8.223121
v -0.310534 0.811329 -8.224992
v -0.299873 0.811329 -8.230424
v -0.291413 0.811329 -8.238884
v -0.285982 0.811329 -8.249544
v -0.284110 0.811329 -8.261361
v -0.287330 0.817237 -8.272739
v -0.292561 0.817237 -8.283005
v -0.300707 0.817237 -8.291151
v -0.310972 0.817237 -8.296381
v -0.322351 0.817237 -8.298183
v -0.333729 0.817237 -8.296381
v -0.343994 0.817237 -8.291151
v -0.352141 0.817237 -8.283005
v -0.357371 0.817237 -8.272739
v -0.359173 0.817237 -8.261361
v -0.357371 0.817237 -8.249983
v -0.352141 0.817237 -8.239717
v -0.343994 0.817237 -8.231571
v -0.333729 0.817237 -8.226341
v -0.322351 0.817237 -8.224539
v -0.310972 0.817237 -8.226341
v -0.300707 0.817237 -8.231571
v -0.292561 0.817237 -8.239717
v -0.287330 0.817237 -8.249983
v -0.285528 0.817237 -8.261361
v -0.289542 0.822850 -8.272021
v -0.294442 0.822850 -8.281638
v -0.302074 0.822850 -8.289270
v -0.311690 0.822850 -8.294170
v -0.322351 0.822850 -8.295858
v -0.333011 0.822850 -8.294170
v -0.342628 0.822850 -8.289270
v -0.350260 0.822850 -8.281638
v -0.355160 0.822850 -8.272021
v -0.356848 0.822850 -8.261361
v -0.355160 0.822850 -8.250701
v -0.350260 0.822850 -8.241084
v -0.342628 0.822850 -8.233452
v -0.333011 0.822850 -8.228552
v -0.322351 0.822850 -8.226864
v -0.311690 0.822850 -8.228552
v -0.302074 0.822850 -8.233452
v -0.294442 0.822850 -8.241084
v -0.289542 0.822850 -8.250701
v -0.287853 0.822850 -8.261361
v -0.292561 0.828030 -8.271041
v -0.297010 0.828030 -8.279773
v -0.303939 0.828030 -8.286702
v -0.312671 0.828030 -8.291151
v -0.322351 0.828030 -8.292685
v -0.332030 0.828030 -8.291151
v -0.340762 0.828030 -8.286702
v -0.347692 0.828030 -8.279773
v -0.352141 0.828030 -8.271041
v -0.353674 0.828030 -8.261361
v -0.352141 0.828030 -8.251681
v -0.347692 0.828030 -8.242949
v -0.340762 0.828030 -8.236020
v -0.332030 0.828030 -8.231571
v -0.322351 0.828030 -8.230038
v -0.312671 0.828030 -8.231571
v -0.303939 0.828030 -8.236020
v -0.297010 0.828030 -8.242949
v -0.292561 0.828030 -8.251681
v -0.291028 0.828030 -8.261361
v -0.296313 0.832650 -8.269821
v -0.300202 0.832650 -8.277453
v -0.306259 0.832650 -8.283510
v -0.313891 0.832650 -8.287398
v -0.322351 0.832650 -8.288738
v -0.330811 0.832650 -8.287398
v -0.338443 0.832650 -8.283510
v -0.344499 0.832650 -8.277453
v -0.348388 0.832650 -8.269821
v -0.349728 0.832650 -8.261361
v -0.348388 0.832650 -8.252901
v -0.344499 0.832650 -8.245269
v -0.338443 0.832650 -8.239212
v -0.330811 0.832650 -8.235324
v -0.322351 0.832650 -8.233984
v -0.313891 0.832650 -8.235324
v -0.306259 0.832650 -8.239212
v -0.300202 0.832650 -8.245269
v -0.296313 0.832650 -8.252901
v -0.294973 0.832650 -8.261361
v -0.300707 0.836596 -8.268394
v -0.303939 0.836596 -8.274737
v -0.308974 0.836596 -8.279773
v -0.315318 0.836596 -8.283005
v -0.322351 0.836596 -8.284119
v -0.329383 0.836596 -8.283005
v -0.335727 0.836596 -8.279773
v -0.340762 0.836596 -8.274737
v -0.343994 0.836596 -8.268394
v -0.345108 0.836596 -8.261361
v -0.343994 0.836596 -8.254329
v -0.340762 0.836596 -8.247985
v -0.335727 0.836596 -8.242949
v -0.329383 0.836596 -8.239717
v -0.322351 0.836596 -8.238604
v -0.315318 0.836596 -8.239717
v -0.308974 0.836596 -8.242949
v -0.303939 0.836596 -8.247985
v -0.300707 0.836596 -8.254329
v -0.299593 0.836596 -8.261361
v -0.305634 0.839770 -8.266793
v -0.308130 0.839770 -8.271693
v -0.312019 0.839770 -8.275581
v -0.316919 0.839770 -8.278078
v -0.322351 0.839770 -8.278938
v -0.327782 0.839770 -8.278078
v -0.332682 0.839770 -8.275581
v -0.336571 0.839770 -8.271693
v -0.339068 0.839770 -8.266793
v -0.339928 0.839770 -8.261361
v -0.339068 0.839770 -8.255929
v -0.336571 0.839770 -8.251029
v -0.332682 0.839770 -8.247141
v -0.327782 0.839770 -8.244644
v -0.322351 0.839770 -8.243784
v -0.316919 0.839770 -8.244644
v -0.312019 0.839770 -8.247141
v -0.308130 0.839770 -8.251029
v -0.305634 0.839770 -8.255929
v -0.304773 0.839770 -8.261361
v -0.310972 0.842095 -8.265059
v -0.312671 0.842095 -8.268394
v -0.315318 0.842095 -8.271041
v -0.318653 0.842095 -8.272739
v -0.322351 0.842095 -8.273326
v -0.326048 0.842095 -8.272739
v -0.329383 0.842095 -8.271041
v -0.332030 0.842095 -8.268394
v -0.333729 0.842095 -8.265059
v -0.334315 0.842095 -8.261361
v -0.333729 0.842095 -8.257664
v -0.332030 0.842095 -8.254329
v -0.329383 0.842095 -8.251681
v -0.326048 0.842095 -8.249983
v -0.322351 0.842095 -8.249396
v -0.318653 0.842095 -8.249983
v -0.315318 0.842095 -8.251681
v -0.312671 0.842095 -8.254329
v -0.310972 0.842095 -8.257664
v -0.310386 0.842095 -8.261361
v -0.316590 0.843513 -8.263233
v -0.317451 0.843513 -8.264921
v -0.318791 0.843513 -8.266261
v -0.320479 0.843513 -8.267121
v -0.322351 0.843513 -8.267418
v -0.324222 0.843513 -8.267121
v -0.325911 0.843513 -8.266261
v -0.327251 0.843513 -8.264921
v -0.328111 0.843513 -8.263233
v -0.328407 0.843513 -8.261361
v -0.328111 0.843513 -8.259489
v -0.327251 0.843513 -8.257801
v -0.325911 0.843513 -8.256461
v -0.324222 0.843513 -8.255601
v -0.322351 0.843513 -8.255304
v -0.320479 0.843513 -8.255601
v -0.318791 0.843513 -8.256461
v -0.317451 0.843513 -8.257801
v -0.316590 0.843513 -8.259489
v -0.316294 0.843513 -8.261361
v -0.322351 0.766555 -8.261361
v -0.322351 0.843990 -8.261361
v 4.849991 2.074574 -3.360830
v 4.916195 1.819297 -3.414940
v 4.763499 1.814248 -3.623781
v 4.695068 2.074574 -3.574064
v 1.948279 2.074574 -5.569722
v 1.970035 1.819297 -5.652411
v 1.723747 1.814248 -5.731615
v 1.697609 2.074574 -5.651170
v -1.697610 2.074574 -5.651170
v -1.728613 1.819297 -5.730854
v -1.974418 1.814248 -5.650167
v -1.948280 2.074574 -5.569722
v -4.695069 2.074574 -3.574062
v -4.766989 1.819297 -3.620306
v -4.918423 1.814248 -3.410547
v -4.849992 2.074574 -3.360829
v -5.899172 2.074574 -0.131785
v -5.984537 1.819297 -0.126923
v -5.983757 1.814248 0.131786
v -5.899172 2.074574 0.131786
v -4.849991 2.074574 3.360830
v -4.916195 1.819297 3.414939
v -4.763499 1.814248 3.623781
v -4.695068 2.074574 3.574063
v -1.948279 2.074574 5.569722
v -1.970035 1.819297 5.652411
v -1.723747 1.814248 5.731615
v -1.697609 2.074574 5.651170
v 1.697609 2.074574 5.651169
v 1.728612 1.819297 5.730854
v 1.974418 1.814248 5.650167
v 1.948280 2.074574 5.569721
v 4.695068 2.074574 3.574062
v 4.766988 1.819297 3.620306
v 4.918422 1.814248 3.410547
v 4.849991 2.074574 3.360829
v 5.899171 2.074574 0.131785
v 5.984536 1.819297 0.126924
v 5.983756 1.814248 -0.131785
v 5.899171 2.074574 -0.131785
v 4.096068 3.809213 -2.813073
v 4.223620 3.591207 -2.910283
v 4.071308 3.587767 -3.120875
v 3.941145 3.809213 -3.026306
v 1.660306 3.809213 -4.683432
v 1.706359 3.591207 -4.837050
v 1.459353 3.587767 -4.917895
v 1.409636 3.809213 -4.764880
v -1.409636 3.809213 -4.764879
v -1.462673 3.591207 -4.916228
v -1.710025 3.587767 -4.836447
v -1.660307 3.809213 -4.683432
v -3.941146 3.809213 -3.026305
v -4.073014 3.591206 -3.117575
v -4.226232 3.587767 -2.907641
v -4.096069 3.809213 -2.813072
v -4.967271 3.809213 -0.131785
v -5.127602 3.591207 -0.128114
v -5.128161 3.587767 0.131786
v -4.967271 3.809213 0.131786
v -4.096068 3.809213 2.813072
v -4.223620 3.591207 2.910282
v -4.071308 3.587767 3.120874
v -3.941145 3.809213 3.026305
v -1.660306 3.809213 4.683432
v -1.706360 3.591207 4.837049
v -1.459353 3.587767 4.917895
v -1.409636 3.809213 4.764879
v 1.409636 3.809213 4.764879
v 1.462672 3.591206 4.916228
v 1.710024 3.587767 4.836447
v 1.660307 3.809213 4.683432
v 3.941145 3.809213 3.026305
v 4.073013 3.591206 3.117575
v 4.226231 3.587767 2.907641
v 4.096068 3.809213 2.813072
v 4.967271 3.809213 0.131785
v 5.127601 3.591206 0.128114
v 5.128161 3.587767 -0.131785
v 4.967271 3.809213 -0.131785
v 2.945385 5.170980 -1.977052
v 3.122965 5.011353 -2.108171
v 2.969615 5.010090 -2.320448
v 2.790462 5.170980 -2.190285
v 1.220784 5.170980 -3.330723
v 1.287379 5.011353 -3.541179
v 1.038544 5.010090 -3.622778
v 0.970114 5.170980 -3.412170
v -0.970114 5.170980 -3.412170
v -1.039941 5.011353 -3.621576
v -1.289216 5.010090 -3.541330
v -1.220785 5.170980 -3.330722
v -2.790462 5.170980 -2.190284
v -2.970039 5.011353 -2.318655
v -3.124539 5.010090 -2.107214
v -2.945385 5.170980 -1.977051
v -3.544948 5.170980 -0.131785
v -3.765683 5.011353 -0.130086
v -3.766394 5.010090 0.131786
v -3.544948 5.170980 0.131786
v -2.945385 5.170980 1.977052
v -3.122965 5.011353 2.108171
v -2.969615 5.010090 2.320447
v -2.790462 5.170980 2.190285
v -1.220784 5.170980 3.330722
v -1.287380 5.011353 3.541178
v -1.038544 5.010090 3.622777
v -0.970114 5.170980 3.412170
v 0.970114 5.170980 3.412169
v 1.039940 5.011353 3.621576
v 1.289215 5.010090 3.541330
v 1.220784 5.170980 3.330722
v 2.790462 5.170980 2.190284
v 2.970038 5.011353 2.318655
v 3.124538 5.010090 2.107214
v 2.945384 5.170980 1.977051
v 3.544948 5.170980 0.131785
v 3.765682 5.011353 0.130087
v 3.766394 5.010090 -0.131785
v 3.544948 5.170980 -0.131785
v 1.510578 6.026576 -0.934604
v 1.721564 5.941824 -1.087462
v 1.566263 5.941991 -1.300852
v 1.355655 6.026576 -1.147837
v 0.672737 6.026576 -1.644006
v 0.753580 5.941824 -1.891685
v 0.502511 5.941991 -1.973038
v 0.422066 6.026576 -1.725454
v -0.422067 6.026576 -1.725453
v -0.502246 5.941824 -1.973349
v -0.753182 5.941991 -1.891590
v -0.672737 6.026576 -1.644005
v -1.355655 6.026576 -1.147836
v -1.566231 5.941824 -1.301260
v -1.721186 5.941991 -1.087619
v -1.510578 6.026576 -0.934603
v -1.771429 6.026576 -0.131785
v -2.031969 5.941824 -0.132135
v -2.031755 5.941991 0.131785
v -1.771429 6.026576 0.131785
v -1.510578 6.026576 0.934604
v -1.721564 5.941824 1.087462
v -1.566263 5.941991 1.300852
v -1.355655 6.026576 1.147837
v -0.672737 6.026576 1.644006
v -0.753580 5.941824 1.891685
v -0.502511 5.941991 1.973038
v -0.422066 6.026576 1.725453
v 0.422066 6.026576 1.725453
v 0.502245 5.941824 1.973349
v 0.753182 5.941991 1.891590
v 0.672737 6.026576 1.644005
v 1.355655 6.026576 1.147836
v 1.566230 5.941824 1.301260
v 1.721186 5.941991 1.087619
v 1.510578 6.026576 0.934603
v 1.771429 6.026576 0.131785
v 2.031969 5.941824 0.132135
v 2.031755 5.941991 -0.131785
v 1.771429 6.026576 -0.131785
v 4.995969 0.000000 -3.792680
v 5.150892 0.000000 -3.579447
v 1.812542 0.000000 -6.004900
v 2.063213 0.000000 -5.923452
v -2.063214 0.000000 -5.923452
v -1.812544 0.000000 -6.004900
v -5.150893 0.000000 -3.579446
v -4.995970 0.000000 -3.792679
v -6.271106 0.000000 0.131786
v -6.271106 0.000000 -0.131785
v -4.995969 0.000000 3.792680
v -5.150892 0.000000 3.579447
v -1.812542 0.000000 6.004900
v -2.063213 0.000000 5.923452
v 2.063213 0.000000 5.923451
v 1.812543 0.000000 6.004899
v 5.150892 0.000000 3.579446
v 4.995969 0.000000 3.792679
v 6.271105 0.000000 -0.131785
v 6.271105 0.000000 0.131785
v 0.405593 6.242903 -0.131785
v 0.250671 6.242903 -0.345018
v -0.000000 6.242903 -0.426466
v -0.250671 6.242903 -0.345018
v -0.405594 6.242903 -0.131785
v -0.405594 6.242903 0.131785
v -0.250671 6.242903 0.345018
v 0.000000 6.242903 0.426466
v 0.250671 6.242903 0.345018
v 0.405594 6.242903 0.131785
v 4.739288 2.097547 -3.614241
v 4.766888 2.095247 -3.623824
v 4.796978 2.072141 -3.615086
v 4.141356 3.666541 -3.138847
v 4.129814 3.644001 -3.160014
v 4.112153 3.623300 -3.157601
v 4.920693 2.072459 -3.445349
v 4.919548 2.095422 -3.414095
v 4.901954 2.097657 -3.390836
v 4.270850 3.626595 -2.937843
v 4.278460 3.647392 -2.954024
v 4.261482 3.669911 -2.971524
v 6.005730 2.072141 -0.105072
v 5.986523 2.095247 -0.129827
v 5.958561 2.097547 -0.138298
v 4.970532 1.876967 -3.487350
v 4.982419 1.852101 -3.465784
v 4.970021 1.835974 -3.446299
v 6.046122 1.831029 -0.138413
v 6.067617 1.846990 -0.130217
v 6.071192 1.871720 -0.106120
v 5.208488 0.046322 -3.659994
v 5.216892 0.023175 -3.638955
v 5.205845 0.010752 -3.619627
v 5.089977 0.046373 -3.823050
v 5.072612 0.023195 -3.837476
v 5.050879 0.010744 -3.832829
v 4.849321 1.871720 -3.654412
v 4.832266 1.846990 -3.671804
v 4.810058 1.831028 -3.665801
v 1.971433 1.876967 -5.742931
v 1.993726 1.852101 -5.732470
v 1.995148 1.835974 -5.709419
v 1.972681 2.097657 -5.624540
v 1.973243 2.095422 -5.653698
v 1.955799 2.072459 -5.679657
v 1.709767 2.097547 -5.709666
v 1.726464 2.095247 -5.733642
v 1.755943 2.072141 -5.744259
v 1.505460 3.666541 -4.973608
v 1.483680 3.644001 -4.983950
v 1.470810 3.623300 -4.971616
v 1.728370 3.626596 -4.887108
v 1.725015 3.647393 -4.904672
v 1.700993 3.669912 -4.908850
v 2.062465 0.046322 -6.022470
v 2.081630 0.023175 -6.010389
v 2.084054 0.010752 -5.988259
v 1.870746 0.046373 -6.084725
v 1.848217 0.023195 -6.086190
v 1.833367 0.010744 -6.069656
v 1.775175 1.871720 -5.806840
v 1.751153 1.846990 -5.810887
v 1.736715 1.831029 -5.792976
v -1.780688 1.876967 -5.804908
v -1.756504 1.852101 -5.809548
v -1.741804 1.835974 -5.791736
v -1.710090 2.097657 -5.709862
v -1.726774 2.095422 -5.733781
v -1.756144 2.072459 -5.744529
v -1.972827 2.097547 -5.624193
v -1.973411 2.095247 -5.653403
v -1.955803 2.072141 -5.679320
v -1.705471 3.666541 -4.908621
v -1.729170 3.644000 -4.904185
v -1.732332 3.623300 -4.886642
v -1.474290 3.626596 -4.969664
v -1.487327 3.647393 -4.981901
v -1.509217 3.669911 -4.971162
v -1.871350 0.046322 -6.084568
v -1.848744 0.023175 -6.086059
v -1.833776 0.010752 -6.069580
v -2.063047 0.046373 -6.022243
v -2.082134 0.023195 -6.010187
v -2.084430 0.010744 -5.988082
v -1.977029 1.871720 -5.741254
v -1.998841 1.846990 -5.730409
v -1.999994 1.831029 -5.707432
v -4.852646 1.876967 -3.649607
v -4.835808 1.852101 -3.667576
v -4.813446 1.835974 -3.661806
v -4.739664 2.097657 -3.614210
v -4.767221 2.095422 -3.623754
v -4.797299 2.072459 -3.615186
v -4.901868 2.097547 -3.390469
v -4.919511 2.095247 -3.413758
v -4.920498 2.072141 -3.445074
v -4.264970 3.666541 -2.968707
v -4.281536 3.644001 -2.951189
v -4.273783 3.623300 -2.935138
v -4.113821 3.626595 -3.153977
v -4.131561 3.647392 -3.156214
v -4.142959 3.669911 -3.134659
v -5.090373 0.046322 -3.822567
v -5.072960 0.023175 -3.837060
v -5.051165 0.010752 -3.832527
v -5.208826 0.046373 -3.659469
v -5.217180 0.023195 -3.638496
v -5.206045 0.010744 -3.619262
v -4.974075 1.871720 -3.482704
v -4.985346 1.846990 -3.461109
v -4.972774 1.831028 -3.441842
v -6.071058 1.876967 -0.100281
v -6.067998 1.852101 -0.124715
v -6.046515 1.835973 -0.133191
v -5.958848 2.097657 -0.138053
v -5.986753 2.095422 -0.129577
v -6.006050 2.072459 -0.104965
v -5.958562 2.097547 0.138299
v -5.986524 2.095247 0.129828
v -6.005731 2.072141 0.105073
v -5.195395 3.666541 0.105152
v -5.198500 3.644001 0.129061
v -5.182793 3.623300 0.137490
v -5.182012 3.626596 -0.133578
v -5.197679 3.647393 -0.124960
v -5.194230 3.669912 -0.100823
v -6.365046 0.046322 -0.100476
v -6.359478 0.023175 -0.122436
v -6.339181 0.010752 -0.131579
v -6.365010 0.046373 0.101098
v -6.359441 0.023195 0.122977
v -6.339128 0.010744 0.131991
v -6.071193 1.871720 0.106121
v -6.067618 1.846990 0.130217
v -6.046123 1.831028 0.138414
v -4.970532 1.876967 3.487350
v -4.982419 1.852101 3.465784
v -4.970021 1.835974 3.446299
v -4.901954 2.097657 3.390836
v -4.919548 2.095422 3.414095
v -4.920693 2.072459 3.445349
v -4.739288 2.097547 3.614241
v -4.766888 2.095247 3.623823
v -4.796978 2.072141 3.615085
v -4.141356 3.666541 3.138846
v -4.129814 3.644001 3.160014
v -4.112153 3.623300 3.157601
v -4.270851 3.626596 2.937843
v -4.278460 3.647393 2.954023
v -4.261482 3.669911 2.971524
v -5.208488 0.046322 3.659993
v -5.216892 0.023175 3.638955
v -5.205845 0.010752 3.619627
v -5.089977 0.046373 3.823049
v -5.072612 0.023195 3.837476
v -5.050879 0.010744 3.832829
v -4.849321 1.871720 3.654411
v -4.832266 1.846990 3.671804
v -4.810058 1.831028 3.665800
v -1.971433 1.876967 5.742930
v -1.993726 1.852101 5.732470
v -1.995148 1.835974 5.709419
v -1.972681 2.097657 5.624539
v -1.973243 2.095422 5.653697
v -1.955799 2.072459 5.679656
v -1.709767 2.097546 5.709665
v -1.726464 2.095247 5.733641
v -1.755942 2.072141 5.744257
v -1.505460 3.666541 4.973608
v -1.483680 3.644001 4.983949
v -1.470810 3.623300 4.971616
v -1.728370 3.626596 4.887108
v -1.725016 3.647393 4.904671
v -1.700994 3.669912 4.908850
v -2.062465 0.046322 6.022470
v -2.081630 0.023175 6.010388
v -2.084054 0.010752 5.988259
v -1.870746 0.046373 6.084725
v -1.848218 0.023195 6.086190
v -1.833367 0.010744 6.069656
v -1.775175 1.871720 5.806840
v -1.751153 1.846990 5.810886
v -1.736715 1.831028 5.792976
v 1.780687 1.876967 5.804907
v 1.756503 1.852101 5.809547
v 1.741803 1.835974 5.791735
v 1.710089 2.097657 5.709860
v 1.726773 2.095422 5.733780
v 1.756143 2.072459 5.744527
v 1.972826 2.097547 5.624192
v 1.973411 2.095247 5.653403
v 1.955802 2.072141 5.679319
v 1.705471 3.666541 4.908621
v 1.729169 3.644001 4.904185
v 1.732332 3.623300 4.886642
v 1.474289 3.626595 4.969664
v 1.487326 3.647392 4.981901
v 1.509217 3.669911 4.971162
v 1.871349 0.046322 6.084567
v 1.848743 0.023175 6.086058
v 1.833775 0.010752 6.069579
v 2.063046 0.046373 6.022243
v 2.082133 0.023195 6.010186
v 2.084429 0.010744 5.988081
v 1.977028 1.871720 5.741254
v 1.998840 1.846990 5.730408
v 1.999993 1.831029 5.707432
v 4.852645 1.876967 3.649607
v 4.835807 1.852101 3.667576
v 4.813445 1.835974 3.661806
v 4.739663 2.097657 3.614210
v 4.767220 2.095422 3.623754
v 4.797298 2.072459 3.615186
v 4.901867 2.097547 3.390469
v 4.919509 2.095247 3.413758
v 4.920497 2.072141 3.445074
v 4.264969 3.666541 2.968707
v 4.281535 3.644001 2.951189
v 4.273782 3.623300 2.935138
v 4.113821 3.626595 3.153977
v 4.131561 3.647392 3.156214
v 4.142958 3.669911 3.134659
v 5.090372 0.046322 3.822567
v 5.072959 0.023175 3.837060
v 5.051164 0.010752 3.832527
v 5.208825 0.046373 3.659469
v 5.217179 0.023195 3.638496
v 5.206044 0.010744 3.619262
v 4.974074 1.871720 3.482704
v 4.985345 1.846990 3.461109
v 4.972773 1.831028 3.441842
v 6.071057 1.876967 0.100281
v 6.067997 1.852101 0.124715
v 6.046514 1.835973 0.133192
v 5.958847 2.097657 0.138053
v 5.986752 2.095422 0.129577
v 6.006049 2.072459 0.104965
v 5.195395 3.666541 -0.105151
v 5.198500 3.644001 -0.129061
v 5.182793 3.623300 -0.137490
v 5.182011 3.626595 0.133578
v 5.197678 3.647392 0.124961
v 5.194229 3.669911 0.100823
v 6.365045 0.046322 0.100476
v 6.359477 0.023175 0.122436
v 6.339180 0.010752 0.131580
v 6.365009 0.046373 -0.101098
v 6.359441 0.023195 -0.122976
v 6.339127 0.010744 -0.131991
v 3.977974 3.849499 -3.059938
v 4.005548 3.855042 -3.069170
v 4.041657 3.837021 -3.064885
v 3.019863 5.103915 -2.322212
v 3.012988 5.084861 -2.346340
v 3.000688 5.061307 -2.348207
v 4.163900 3.837315 -2.896858
v 4.156736 3.855203 -2.861247
v 4.139474 3.849623 -2.837909
v 3.158864 5.062492 -2.129177
v 3.160826 5.086077 -2.141494
v 3.139851 5.105089 -2.155485
v 5.071264 3.837021 -0.103917
v 5.044569 3.855042 -0.128608
v 5.016834 3.849499 -0.137347
v 1.680824 3.849623 -4.729038
v 1.681072 3.855204 -4.758066
v 1.665936 3.837316 -4.791087
v 1.419662 3.849499 -4.813736
v 1.436544 3.855042 -4.837413
v 1.468275 3.837021 -4.855171
v 1.078159 5.103915 -3.653740
v 1.058414 5.084861 -3.669219
v 1.047366 5.061307 -3.663500
v 1.304075 5.062492 -3.579275
v 1.298423 5.086077 -3.590392
v 1.273230 5.105090 -3.589382
v -1.419844 3.849623 -4.813836
v -1.436706 3.855204 -4.837465
v -1.468360 3.837316 -4.855283
v -1.680913 3.849499 -4.728851
v -1.681172 3.855042 -4.757929
v -1.665938 3.837021 -4.790946
v -1.275366 5.103915 -3.589664
v -1.300438 5.084861 -3.590581
v -1.306014 5.061307 -3.579460
v -1.048826 5.062492 -3.662210
v -1.059933 5.086077 -3.667882
v -1.079721 5.105090 -3.652257
v -3.978180 3.849623 -3.059912
v -4.005710 3.855204 -3.069117
v -4.041792 3.837316 -3.064926
v -4.139436 3.849499 -2.837705
v -4.156737 3.855042 -2.861077
v -4.163821 3.837021 -2.896743
v -3.141743 5.103915 -2.154458
v -3.162566 5.084861 -2.140463
v -3.160541 5.061307 -2.128188
v -3.001111 5.062492 -2.346306
v -3.013431 5.086077 -2.344365
v -3.020256 5.105090 -2.320094
v -5.016986 3.849623 -0.137206
v -5.044669 3.855204 -0.128471
v -5.071397 3.837316 -0.103872
v -5.016835 3.849499 0.137348
v -5.044570 3.855042 0.128609
v -5.071264 3.837021 0.103918
v -3.808082 5.103914 0.103678
v -3.816702 5.084861 0.127239
v -3.807848 5.061306 0.135980
v -3.807074 5.062492 -0.134193
v -3.815900 5.086077 -0.125381
v -3.807155 5.105089 -0.101734
v -4.139474 3.849623 2.837909
v -4.156736 3.855204 2.861247
v -4.163901 3.837316 2.896858
v -3.977974 3.849499 3.059938
v -4.005548 3.855042 3.069170
v -4.041658 3.837021 3.064885
v -3.019863 5.103915 2.322211
v -3.012988 5.084861 2.346340
v -3.000688 5.061307 2.348207
v -3.158864 5.062492 2.129177
v -3.160826 5.086077 2.141494
v -3.139851 5.105090 2.155485
v -1.680824 3.849623 4.729038
v -1.681072 3.855204 4.758066
v -1.665936 3.837316 4.791087
v -1.419662 3.849499 4.813736
v -1.436544 3.855042 4.837413
v -1.468275 3.837021 4.855171
v -1.078159 5.103915 3.653739
v -1.058415 5.084861 3.669218
v -1.047366 5.061307 3.663499
v -1.304076 5.062492 3.579274
v -1.298423 5.086077 3.590391
v -1.273230 5.105090 3.589382
v 1.419843 3.849623 4.813836
v 1.436705 3.855204 4.837465
v 1.468359 3.837316 4.855283
v 1.680912 3.849499 4.728851
v 1.681172 3.855042 4.757929
v 1.665938 3.837021 4.790946
v 1.275365 5.103915 3.589664
v 1.300437 5.084861 3.590580
v 1.306014 5.061307 3.579459
v 1.048825 5.062492 3.662210
v 1.059933 5.086077 3.667882
v 1.079721 5.105090 3.652257
v 3.978179 3.849623 3.059912
v 4.005709 3.855203 3.069117
v 4.041791 3.837315 3.064926
v 4.139435 3.849499 2.837705
v 4.156737 3.855042 2.861077
v 4.163820 3.837021 2.896743
v 3.141743 5.103915 2.154458
v 3.162566 5.084861 2.140463
v 3.160541 5.061307 2.128188
v 3.001110 5.062492 2.346306
v 3.013430 5.086077 2.344365
v 3.020255 5.105090 2.320094
v 5.016985 3.849623 0.137206
v 5.044669 3.855203 0.128471
v 5.071396 3.837316 0.103872
v 3.808082 5.103915 -0.103677
v 3.816702 5.084861 -0.127239
v 3.807848 5.061307 -0.135979
v 3.807073 5.062492 0.134193
v 3.815899 5.086077 0.125382
v 3.807154 5.105090 0.101734
v 2.816448 5.225111 -2.214218
v 2.841923 5.238154 -2.221502
v 2.882215 5.228104 -2.220622
v 1.594066 6.043282 -1.283768
v 1.590901 6.028625 -1.310195
v 1.584319 6.004327 -1.316725
v 3.002590 5.228225 -2.054964
v 2.990964 5.238219 -2.016386
v 2.976181 5.225165 -1.994422
v 1.742252 6.004176 -1.099724
v 1.738088 6.028468 -1.107998
v 1.713960 6.043135 -1.119176
v 3.637009 5.228104 -0.102398
v 3.604929 5.238154 -0.126793
v 3.580038 5.225111 -0.135873
v 1.235489 5.225166 -3.362878
v 1.234539 5.238219 -3.389336
v 1.221269 5.228225 -3.427380
v 0.977070 5.225111 -3.446807
v 0.993397 5.238154 -3.467674
v 1.026511 5.228104 -3.490645
v 0.535047 6.043282 -1.975559
v 0.516953 6.028625 -1.995078
v 0.507789 6.004327 -1.996493
v 0.763110 6.004176 -1.913765
v 0.754878 6.028468 -1.918011
v 0.728788 6.043135 -1.912873
v -0.977118 5.225166 -3.446828
v -0.993439 5.238219 -3.467674
v -1.026536 5.228225 -3.490653
v -1.235516 5.225111 -3.362832
v -1.234572 5.238154 -3.389311
v -1.221284 5.228104 -3.427358
v -0.728342 6.043282 -1.912753
v -0.754454 6.028625 -1.917909
v -0.762699 6.004327 -1.913667
v -0.507514 6.004176 -1.996813
v -0.516670 6.028469 -1.995409
v -0.534756 6.043135 -1.975917
v -2.816499 5.225165 -2.214206
v -2.841956 5.238219 -2.221478
v -2.882238 5.228225 -2.220614
v -2.976176 5.225111 -1.994370
v -2.990976 5.238154 -2.016347
v -3.002590 5.228104 -2.054939
v -1.713530 6.043282 -1.119341
v -1.737684 6.028625 -1.108164
v -1.741862 6.004327 -1.099886
v -1.584285 6.004176 -1.317147
v -1.590867 6.028469 -1.310629
v -1.594042 6.043135 -1.284228
v -3.580073 5.225165 -0.135834
v -3.604943 5.238219 -0.126754
v -3.637024 5.228225 -0.102377
v -3.580039 5.225111 0.135873
v -3.604930 5.238154 0.126793
v -3.637010 5.228104 0.102398
v -2.044207 6.043282 0.101621
v -2.057178 6.028625 0.124861
v -2.055692 6.004327 0.134014
v -2.055912 6.004176 -0.134375
v -2.057407 6.028468 -0.125234
v -2.044457 6.043135 -0.102009
v -2.976182 5.225166 1.994422
v -2.990965 5.238219 2.016386
v -3.002591 5.228225 2.054964
v -2.816448 5.225111 2.214217
v -2.841923 5.238154 2.221502
v -2.882215 5.228104 2.220622
v -1.594066 6.043282 1.283768
v -1.590901 6.028625 1.310194
v -1.584319 6.004327 1.316725
v -1.742252 6.004176 1.099724
v -1.738088 6.028469 1.107997
v -1.713960 6.043135 1.119175
v -1.235489 5.225166 3.362877
v -1.234539 5.238219 3.389335
v -1.221269 5.228225 3.427379
v -0.977070 5.225111 3.446807
v -0.993397 5.238154 3.467673
v -1.026512 5.228104 3.490644
v -0.535047 6.043282 1.975559
v -0.516953 6.028625 1.995077
v -0.507789 6.004327 1.996492
v -0.763110 6.004176 1.913765
v -0.754878 6.028468 1.918011
v -0.728788 6.043135 1.912872
v 0.977118 5.225166 3.446827
v 0.993438 5.238219 3.467674
v 1.026536 5.228225 3.490652
v 1.235516 5.225111 3.362832
v 1.234572 5.238154 3.389311
v 1.221284 5.228104 3.427358
v 0.728342 6.043282 1.912753
v 0.754453 6.028624 1.917909
v 0.762699 6.004327 1.913667
v 0.507514 6.004175 1.996813
v 0.516669 6.028468 1.995409
v 0.534756 6.043134 1.975917
v 2.816499 5.225165 2.214206
v 2.841956 5.238219 2.221478
v 2.882238 5.228225 2.220614
v 2.976176 5.225111 1.994370
v 2.990976 5.238154 2.016347
v 3.002590 5.228104 2.054939
v 1.713529 6.043282 1.119341
v 1.737684 6.028625 1.108164
v 1.741861 6.004327 1.099886
v 1.584284 6.004176 1.317147
v 1.590866 6.028468 1.310629
v 1.594041 6.043135 1.284228
v 3.580073 5.225165 0.135834
v 3.604943 5.238219 0.126754
v 3.637024 5.228225 0.102377
v 2.044207 6.043282 -0.101621
v 2.057179 6.028625 -0.124861
v 2.055692 6.004327 -0.134014
v 2.055912 6.004176 0.134375
v 2.057407 6.028468 0.125234
v 2.044457 6.043135 0.102009
v 1.368111 6.089972 -1.159598
v 1.389536 6.109209 -1.163429
v 1.431189 6.108982 -1.164007
v 0.180317 6.342732 -0.248186
v 0.232546 6.330539 -0.320072
v 0.254192 6.302804 -0.349865
v 1.549304 6.108963 -1.001446
v 1.535881 6.109199 -0.962005
v 1.525614 6.089962 -0.942810
v 0.411291 6.302804 -0.133636
v 0.376266 6.330539 -0.122256
v 0.291757 6.342731 -0.094798
v 1.842042 6.108982 -0.100469
v 1.808004 6.109209 -0.124484
v 1.788419 6.089972 -0.133978
v 0.680078 6.089962 -1.659483
v 0.677102 6.109199 -1.681047
v 0.664778 6.108963 -1.720845
v 0.425231 6.089972 -1.742290
v 0.440312 6.109209 -1.757982
v 0.473670 6.108982 -1.782934
v -0.000000 6.342731 -0.306774
v -0.000000 6.330539 -0.395630
v -0.000000 6.302804 -0.432457
v -0.425225 6.089963 -1.742290
v -0.440308 6.109199 -1.757986
v -0.473671 6.108963 -1.782939
v -0.680073 6.089972 -1.659486
v -0.677096 6.109209 -1.681046
v -0.664775 6.108982 -1.720840
v -0.180317 6.342731 -0.248185
v -0.232546 6.330539 -0.320071
v -0.254192 6.302804 -0.349865
v -1.368106 6.089963 -1.159601
v -1.389535 6.109199 -1.163434
v -1.431194 6.108963 -1.164011
v -1.525612 6.089972 -0.942816
v -1.535877 6.109209 -0.962008
v -1.549298 6.108982 -1.001444
v -0.291759 6.342731 -0.094798
v -0.376266 6.330539 -0.122256
v -0.411291 6.302804 -0.133636
v -1.788418 6.089962 -0.133984
v -1.808007 6.109199 -0.124490
v -1.842049 6.108963 -0.100471
v -1.788420 6.089972 0.133978
v -1.808004 6.109209 0.124484
v -1.842043 6.108982 0.100470
v -0.291759 6.342731 0.094799
v -0.376266 6.330539 0.122257
v -0.411291 6.302804 0.133637
v -1.525614 6.089963 0.942810
v -1.535881 6.109199 0.962005
v -1.549304 6.108963 1.001447
v -1.368111 6.089972 1.159597
v -1.389536 6.109209 1.163428
v -1.431189 6.108982 1.164007
v -0.180317 6.342731 0.248185
v -0.232545 6.330539 0.320071
v -0.254192 6.302804 0.349865
v -0.680078 6.089962 1.659483
v -0.677102 6.109199 1.681047
v -0.664778 6.108963 1.720845
v -0.425231 6.089972 1.742290
v -0.440312 6.109209 1.757982
v -0.473670 6.108982 1.782933
v 0.000000 6.342731 0.306774
v 0.000000 6.330539 0.395630
v 0.000000 6.302804 0.432457
v 0.425225 6.089963 1.742290
v 0.440308 6.109199 1.757986
v 0.473671 6.108963 1.782939
v 0.680073 6.089972 1.659486
v 0.677096 6.109209 1.681046
v 0.664774 6.108982 1.720840
v 0.180317 6.342731 0.248185
v 0.232545 6.330539 0.320071
v 0.254192 6.302804 0.349865
v 1.368106 6.089963 1.159601
v 1.389535 6.109199 1.163434
v 1.431193 6.108963 1.164011
v 1.525612 6.089972 0.942816
v 1.535876 6.109209 0.962008
v 1.549298 6.108982 1.001444
v 0.291760 6.342732 0.094798
v 0.376267 6.330539 0.122256
v 0.411291 6.302804 0.133637
v 1.788417 6.089962 0.133984
v 1.808006 6.109199 0.124490
v 1.842048 6.108963 0.100471
vt 0.343750 0.156250
vt 0.351397 0.204534
vt 0.373591 0.248091
vt 0.408159 0.282659
vt 0.451716 0.304853
vt 0.500000 0.312500
vt 0.548284 0.304853
vt 0.591841 0.282659
vt 0.626409 0.248091
vt 0.648603 0.204534
vt 0.656250 0.156250
vt 0.648603 0.795466
vt 0.626409 0.751908
vt 0.591842 0.717341
vt 0.548284 0.695147
vt 0.500000 0.687500
vt 0.451716 0.695147
vt 0.408159 0.717341
vt 0.373591 0.751909
vt 0.351397 0.795466
vt 0.343750 0.843750
vt 0.656250 0.843750
vt 0.500000 0.156250
vt 0.500000 0.843750
vt 0.487500 0.312500
vt 0.500000 0.312500
vt 0.487500 0.392189
vt 0.512500 0.312500
vt 0.525000 0.312500
vt 0.537500 0.312500
vt 0.550000 0.312500
vt 0.562500 0.312500
vt 0.575000 0.312500
vt 0.587500 0.312500
vt 0.600000 0.312500
vt 0.612500 0.312500
vt 0.487500 0.485939
vt 0.612500 0.420311
vt 0.487500 0.579689
vt 0.612500 0.514061
vt 0.487500 0.687500
vt 0.500000 0.687500
vt 0.512500 0.687500
vt 0.525000 0.687500
vt 0.537500 0.687500
vt 0.550000 0.687500
vt 0.562500 0.687500
vt 0.575000 0.687500
vt 0.587500 0.687500
vt 0.612500 0.607811
vt 0.612500 0.687500
vt 0.600000 0.687500
vt 0.487938 0.417491
vt 0.487938 0.395009
vt 0.500000 0.395009
vt 0.500000 0.417491
vt 0.512500 0.395009
vt 0.512500 0.417491
vt 0.525000 0.395009
vt 0.525000 0.417491
vt 0.537500 0.395009
vt 0.537500 0.417491
vt 0.550000 0.395009
vt 0.550000 0.417491
vt 0.562500 0.395009
vt 0.562500 0.417491
vt 0.575000 0.395009
vt 0.575000 0.417491
vt 0.587500 0.395009
vt 0.587500 0.417491
vt 0.600000 0.395009
vt 0.600000 0.417491
vt 0.612062 0.395009
vt 0.487938 0.511241
vt 0.487938 0.488759
vt 0.500000 0.488759
vt 0.500000 0.511241
vt 0.512500 0.488759
vt 0.512500 0.511241
vt 0.525000 0.488759
vt 0.525000 0.511241
vt 0.537500 0.488759
vt 0.537500 0.511241
vt 0.550000 0.488759
vt 0.550000 0.511241
vt 0.562500 0.488759
vt 0.562500 0.511241
vt 0.575000 0.488759
vt 0.575000 0.511241
vt 0.587500 0.488759
vt 0.587500 0.511241
vt 0.600000 0.488759
vt 0.600000 0.511241
vt 0.612062 0.488759
vt 0.487938 0.604991
vt 0.487938 0.582509
vt 0.500000 0.582509
vt 0.500000 0.604991
vt 0.512500 0.582509
vt 0.512500 0.604991
vt 0.525000 0.582509
vt 0.525000 0.604991
vt 0.537500 0.582509
vt 0.537500 0.604991
vt 0.550000 0.582509
vt 0.550000 0.604991
vt 0.562500 0.582509
vt 0.562500 0.604990
vt 0.575000 0.582509
vt 0.575000 0.604991
vt 0.587500 0.582509
vt 0.587500 0.604990
vt 0.600000 0.582509
vt 0.600000 0.604991
vt 0.612062 0.582509
vt 0.487500 0.420311
vt 0.487500 0.420311
vt 0.500000 0.392189
vt 0.487500 0.392189
vt 0.500000 0.420311
vt 0.512500 0.392189
vt 0.500000 0.392189
vt 0.500000 0.420311
vt 0.512500 0.420311
vt 0.525000 0.392189
vt 0.512500 0.392189
vt 0.512500 0.420311
vt 0.525000 0.420311
vt 0.537500 0.392189
vt 0.525000 0.392189
vt 0.525000 0.420311
vt 0.537500 0.420311
vt 0.550000 0.392189
vt 0.537500 0.392189
vt 0.537500 0.420311
vt 0.550000 0.420311
vt 0.562500 0.392189
vt 0.550000 0.392189
vt 0.550000 0.420311
vt 0.562500 0.420311
vt 0.575000 0.392189
vt 0.562500 0.392189
vt 0.562500 0.420311
vt 0.575000 0.420311
vt 0.587500 0.392189
vt 0.575000 0.392189
vt 0.575000 0.420311
vt 0.587500 0.420311
vt 0.600000 0.392189
vt 0.587500 0.392189
vt 0.587500 0.420311
vt 0.600000 0.420311
vt 0.600000 0.392189
vt 0.612500 0.392189
vt 0.612500 0.392189
vt 0.600000 0.420311
vt 0.612500 0.420311
vt 0.487500 0.514061
vt 0.487500 0.514061
vt 0.500000 0.485939
vt 0.487500 0.485939
vt 0.500000 0.514061
vt 0.512500 0.485939
vt 0.500000 0.485939
vt 0.500000 0.514061
vt 0.512500 0.514061
vt 0.525000 0.485939
vt 0.512500 0.485939
vt 0.512500 0.514061
vt 0.525000 0.514061
vt 0.537500 0.485939
vt 0.525000 0.485939
vt 0.525000 0.514061
vt 0.537500 0.514061
vt 0.550000 0.485939
vt 0.537500 0.485939
vt 0.537500 0.514061
vt 0.550000 0.514061
vt 0.562500 0.485939
vt 0.550000 0.485939
vt 0.550000 0.514061
vt 0.562500 0.514061
vt 0.575000 0.485939
vt 0.562500 0.485939
vt 0.562500 0.514061
vt 0.575000 0.514061
vt 0.587500 0.485939
vt 0.575000 0.485939
vt 0.575000 0.514061
vt 0.587500 0.514061
vt 0.600000 0.485939
vt 0.587500 0.485939
vt 0.587500 0.514061
vt 0.600000 0.514061
vt 0.600000 0.485939
vt 0.612500 0.485939
vt 0.612500 0.485939
vt 0.600000 0.514061
vt 0.612500 0.514061
vt 0.487500 0.607811
vt 0.487500 0.607811
vt 0.500000 0.579689
vt 0.487500 0.579689
vt 0.500000 0.607811
vt 0.512500 0.579689
vt 0.500000 0.579689
vt 0.500000 0.607811
vt 0.512500 0.607811
vt 0.525000 0.579689
vt 0.512500 0.579689
vt 0.512500 0.607811
vt 0.525000 0.607811
vt 0.537500 0.579689
vt 0.525000 0.579689
vt 0.525000 0.607811
vt 0.537500 0.607811
vt 0.550000 0.579689
vt 0.537500 0.579689
vt 0.537500 0.607811
vt 0.550000 0.607811
vt 0.562500 0.579689
vt 0.550000 0.579689
vt 0.550000 0.607811
vt 0.562500 0.607811
vt 0.575000 0.579689
vt 0.562500 0.579689
vt 0.562500 0.607811
vt 0.575000 0.607811
vt 0.587500 0.579689
vt 0.575000 0.579689
vt 0.575000 0.607811
vt 0.587500 0.607811
vt 0.600000 0.579689
vt 0.587500 0.579689
vt 0.587500 0.607811
vt 0.600000 0.607811
vt 0.600000 0.579689
vt 0.612500 0.579689
vt 0.612500 0.579689
vt 0.600000 0.607811
vt 0.612500 0.607811
vt 0.612062 0.417491
vt 0.612062 0.511241
vt 0.612062 0.604990
vt 0.487500 0.420311
vt 0.487500 0.392189
vt 0.500000 0.392189
vt 0.500000 0.420311
vt 0.512500 0.392189
vt 0.512500 0.420311
vt 0.525000 0.392189
vt 0.525000 0.420311
vt 0.537500 0.392189
vt 0.537500 0.420311
vt 0.550000 0.392189
vt 0.550000 0.420311
vt 0.562500 0.392189
vt 0.562500 0.420311
vt 0.575000 0.392189
vt 0.575000 0.420311
vt 0.587500 0.392189
vt 0.587500 0.420311
vt 0.600000 0.392189
vt 0.600000 0.420311
vt 0.612500 0.392189
vt 0.612500 0.420311
vt 0.487500 0.514061
vt 0.487500 0.485939
vt 0.500000 0.485939
vt 0.500000 0.514061
vt 0.512500 0.485939
vt 0.512500 0.514061
vt 0.525000 0.485939
vt 0.525000 0.514061
vt 0.537500 0.485939
vt 0.537500 0.514061
vt 0.550000 0.485939
vt 0.550000 0.514061
vt 0.562500 0.485939
vt 0.562500 0.514061
vt 0.575000 0.485939
vt 0.575000 0.514061
vt 0.587500 0.485939
vt 0.587500 0.514061
vt 0.600000 0.485939
vt 0.600000 0.514061
vt 0.612500 0.485939
vt 0.612500 0.514061
vt 0.487500 0.607811
vt 0.487500 0.579689
vt 0.500000 0.579689
vt 0.500000 0.607811
vt 0.512500 0.579689
vt 0.512500 0.607811
vt 0.525000 0.579689
vt 0.525000 0.607811
vt 0.537500 0.579689
vt 0.537500 0.607811
vt 0.550000 0.579689
vt 0.550000 0.607811
vt 0.562500 0.579689
vt 0.562500 0.607811
vt 0.575000 0.579689
vt 0.575000 0.607811
vt 0.587500 0.579689
vt 0.587500 0.607811
vt 0.600000 0.579689
vt 0.600000 0.607811
vt 0.612500 0.579689
vt 0.612500 0.607811
vt 0.343750 0.843750
vt 0.351397 0.795466
vt 0.500000 0.843750
vt 0.373591 0.751909
vt 0.408159 0.717341
vt 0.451716 0.695147
vt 0.500000 0.687500
vt 0.548284 0.695147
vt 0.591842 0.717341
vt 0.626409 0.751908
vt 0.648603 0.795466
vt 0.656250 0.843750
vt 0.343750 0.843750
vt 0.351397 0.795466
vt 0.500000 0.843750
vt 0.373591 0.751909
vt 0.408159 0.717341
vt 0.451716 0.695147
vt 0.500000 0.687500
vt 0.548284 0.695147
vt 0.591842 0.717341
vt 0.626409 0.751908
vt 0.648603 0.795466
vt 0.656250 0.843750
vt 0.375000 0.250000
vt 0.625000 0.250000
vt 0.625000 0.500000
vt 0.375000 0.500000
vt 0.375000 0.500000
vt 0.625000 0.500000
vt 0.750000 0.375000
vt 0.625000 0.000000
vt 0.750000 0.375000
vt 0.875000 0.250000
vt 0.375000 0.250000
vt 0.625000 0.000000
vt 0.625000 0.250000
vt 0.375000 0.250000
vt 0.375000 0.500000
vt 0.625000 0.500000
vt 0.625000 0.250000
vt 0.375000 0.500000
vt 0.750000 0.375000
vt 0.625000 0.500000
vt 0.625000 0.000000
vt 0.875000 0.250000
vt 0.750000 0.375000
vt 0.375000 0.250000
vt 0.625000 0.250000
vt 0.625000 0.000000
vt 0.625000 0.500000
vt 0.375000 0.500000
vt 0.750000 0.375000
vt 0.625000 0.000000
vt 0.375000 0.250000
vt 0.625000 0.250000
vt 0.750000 0.375000
vt 0.375000 0.500000
vt 0.625000 0.500000
vt 0.625000 0.250000
vt 0.375000 0.250000
vt 0.625000 0.000000
vt 0.375000 0.312500
vt 0.387500 0.312500
vt 0.387500 0.687500
vt 0.375000 0.687500
vt 0.400000 0.312500
vt 0.400000 0.687500
vt 0.412500 0.312500
vt 0.412500 0.687500
vt 0.425000 0.312500
vt 0.425000 0.687500
vt 0.437500 0.312500
vt 0.437500 0.687500
vt 0.450000 0.312500
vt 0.450000 0.687500
vt 0.462500 0.312500
vt 0.462500 0.687500
vt 0.475000 0.312500
vt 0.475000 0.687500
vt 0.487500 0.312500
vt 0.487500 0.687500
vt 0.500000 0.312500
vt 0.500000 0.687500
vt 0.512500 0.312500
vt 0.512500 0.687500
vt 0.525000 0.312500
vt 0.525000 0.687500
vt 0.537500 0.312500
vt 0.537500 0.687500
vt 0.550000 0.312500
vt 0.550000 0.687500
vt 0.562500 0.312500
vt 0.562500 0.687500
vt 0.575000 0.312500
vt 0.575000 0.687500
vt 0.587500 0.312500
vt 0.587500 0.687500
vt 0.600000 0.312500
vt 0.600000 0.687500
vt 0.612500 0.312500
vt 0.612500 0.687500
vt 0.625000 0.312500
vt 0.625000 0.687500
vt 0.626409 0.064408
vt 0.648603 0.107966
vt 0.500000 0.156250
vt 0.591842 0.029841
vt 0.548284 0.007647
vt 0.500000 -0.000000
vt 0.451716 0.007647
vt 0.408159 0.029841
vt 0.373591 0.064409
vt 0.351397 0.107966
vt 0.343750 0.156250
vt 0.351397 0.204534
vt 0.373591 0.248091
vt 0.408159 0.282659
vt 0.451716 0.304853
vt 0.500000 0.312500
vt 0.548284 0.304853
vt 0.591841 0.282659
vt 0.626409 0.248091
vt 0.648603 0.204534
vt 0.656250 0.156250
vt 0.648603 0.892034
vt 0.626409 0.935591
vt 0.500000 0.843750
vt 0.591841 0.970159
vt 0.548284 0.992353
vt 0.500000 1.000000
vt 0.451716 0.992353
vt 0.408159 0.970159
vt 0.373591 0.935591
vt 0.351397 0.892034
vt 0.343750 0.843750
vt 0.351397 0.795466
vt 0.373591 0.751909
vt 0.408159 0.717341
vt 0.451716 0.695147
vt 0.500000 0.687500
vt 0.548284 0.695147
vt 0.591842 0.717341
vt 0.626409 0.751908
vt 0.648603 0.795466
vt 0.656250 0.843750
vt 0.000000 0.050000
vt 0.050000 0.050000
vt 0.050000 0.100000
vt 0.000000 0.100000
vt 0.100000 0.050000
vt 0.100000 0.100000
vt 0.150000 0.050000
vt 0.150000 0.100000
vt 0.200000 0.050000
vt 0.200000 0.100000
vt 0.250000 0.050000
vt 0.250000 0.100000
vt 0.300000 0.050000
vt 0.300000 0.100000
vt 0.350000 0.050000
vt 0.350000 0.100000
vt 0.400000 0.050000
vt 0.400000 0.100000
vt 0.450000 0.050000
vt 0.450000 0.100000
vt 0.500000 0.050000
vt 0.500000 0.100000
vt 0.550000 0.050000
vt 0.550000 0.100000
vt 0.600000 0.050000
vt 0.600000 0.100000
vt 0.650000 0.050000
vt 0.650000 0.100000
vt 0.700000 0.050000
vt 0.700000 0.100000
vt 0.750000 0.050000
vt 0.750000 0.100000
vt 0.800000 0.050000
vt 0.800000 0.100000
vt 0.850000 0.050000
vt 0.850000 0.100000
vt 0.900000 0.050000
vt 0.900000 0.100000
vt 0.950000 0.050000
vt 0.950000 0.100000
vt 1.000000 0.050000
vt 1.000000 0.100000
vt 0.050000 0.150000
vt 0.000000 0.150000
vt 0.100000 0.150000
vt 0.150000 0.150000
vt 0.200000 0.150000
vt 0.250000 0.150000
vt 0.300000 0.150000
vt 0.350000 0.150000
vt 0.400000 0.150000
vt 0.450000 0.150000
vt 0.500000 0.150000
vt 0.550000 0.150000
vt 0.600000 0.150000
vt 0.650000 0.150000
vt 0.700000 0.150000
vt 0.750000 0.150000
vt 0.800000 0.150000
vt 0.850000 0.150000
vt 0.900000 0.150000
vt 0.950000 0.150000
vt 1.000000 0.150000
vt 0.050000 0.200000
vt 0.000000 0.200000
vt 0.100000 0.200000
vt 0.150000 0.200000
vt 0.200000 0.200000
vt 0.250000 0.200000
vt 0.300000 0.200000
vt 0.350000 0.200000
vt 0.400000 0.200000
vt 0.450000 0.200000
vt 0.500000 0.200000
vt 0.550000 0.200000
vt 0.600000 0.200000
vt 0.650000 0.200000
vt 0.700000 0.200000
vt 0.750000 0.200000
vt 0.800000 0.200000
vt 0.850000 0.200000
vt 0.900000 0.200000
vt 0.950000 0.200000
vt 1.000000 0.200000
vt 0.050000 0.250000
vt 0.000000 0.250000
vt 0.100000 0.250000
vt 0.150000 0.250000
vt 0.200000 0.250000
vt 0.250000 0.250000
vt 0.300000 0.250000
vt 0.350000 0.250000
vt 0.400000 0.250000
vt 0.450000 0.250000
vt 0.500000 0.250000
vt 0.550000 0.250000
vt 0.600000 0.250000
vt 0.650000 0.250000
vt 0.700000 0.250000
vt 0.750000 0.250000
vt 0.800000 0.250000
vt 0.850000 0.250000
vt 0.900000 0.250000
vt 0.950000 0.250000
vt 1.000000 0.250000
vt 0.050000 0.300000
vt 0.000000 0.300000
vt 0.100000 0.300000
vt 0.150000 0.300000
vt 0.200000 0.300000
vt 0.250000 0.300000
vt 0.300000 0.300000
vt 0.350000 0.300000
vt 0.400000 0.300000
vt 0.450000 0.300000
vt 0.500000 0.300000
vt 0.550000 0.300000
vt 0.600000 0.300000
vt 0.650000 0.300000
vt 0.700000 0.300000
vt 0.750000 0.300000
vt 0.800000 0.300000
vt 0.850000 0.300000
vt 0.900000 0.300000
vt 0.950000 0.300000
vt 1.000000 0.300000
vt 0.050000 0.350000
vt 0.000000 0.350000
vt 0.100000 0.350000
vt 0.150000 0.350000
vt 0.200000 0.350000
vt 0.250000 0.350000
vt 0.300000 0.350000
vt 0.350000 0.350000
vt 0.400000 0.350000
vt 0.450000 0.350000
vt 0.500000 0.350000
vt 0.550000 0.350000
vt 0.600000 0.350000
vt 0.650000 0.350000
vt 0.700000 0.350000
vt 0.750000 0.350000
vt 0.800000 0.350000
vt 0.850000 0.350000
vt 0.900000 0.350000
vt 0.950000 0.350000
vt 1.000000 0.350000
vt 0.050000 0.400000
vt 0.000000 0.400000
vt 0.100000 0.400000
vt 0.150000 0.400000
vt 0.200000 0.400000
vt 0.250000 0.400000
vt 0.300000 0.400000
vt 0.350000 0.400000
vt 0.400000 0.400000
vt 0.450000 0.400000
vt 0.500000 0.400000
vt 0.550000 0.400000
vt 0.600000 0.400000
vt 0.650000 0.400000
vt 0.700000 0.400000
vt 0.750000 0.400000
vt 0.800000 0.400000
vt 0.850000 0.400000
vt 0.900000 0.400000
vt 0.950000 0.400000
vt 1.000000 0.400000
vt 0.050000 0.450000
vt 0.000000 0.450000
vt 0.100000 0.450000
vt 0.150000 0.450000
vt 0.200000 0.450000
vt 0.250000 0.450000
vt 0.300000 0.450000
vt 0.350000 0.450000
vt 0.400000 0.450000
vt 0.450000 0.450000
vt 0.500000 0.450000
vt 0.550000 0.450000
vt 0.600000 0.450000
vt 0.650000 0.450000
vt 0.700000 0.450000
vt 0.750000 0.450000
vt 0.800000 0.450000
vt 0.850000 0.450000
vt 0.900000 0.450000
vt 0.950000 0.450000
vt 1.000000 0.450000
vt 0.050000 0.500000
vt 0.000000 0.500000
vt 0.100000 0.500000
vt 0.150000 0.500000
vt 0.200000 0.500000
vt 0.250000 0.500000
vt 0.300000 0.500000
vt 0.350000 0.500000
vt 0.400000 0.500000
vt 0.450000 0.500000
vt 0.500000 0.500000
vt 0.550000 0.500000
vt 0.600000 0.500000
vt 0.650000 0.500000
vt 0.700000 0.500000
vt 0.750000 0.500000
vt 0.800000 0.500000
vt 0.850000 0.500000
vt 0.900000 0.500000
vt 0.950000 0.500000
vt 1.000000 0.500000
vt 0.050000 0.550000
vt 0.000000 0.550000
vt 0.100000 0.550000
vt 0.150000 0.550000
vt 0.200000 0.550000
vt 0.250000 0.550000
vt 0.300000 0.550000
vt 0.350000 0.550000
vt 0.400000 0.550000
vt 0.450000 0.550000
vt 0.500000 0.550000
vt 0.550000 0.550000
vt 0.600000 0.550000
vt 0.650000 0.550000
vt 0.700000 0.550000
vt 0.750000 0.550000
vt 0.800000 0.550000
vt 0.850000 0.550000
vt 0.900000 0.550000
vt 0.950000 0.550000
vt 1.000000 0.550000
vt 0.050000 0.600000
vt 0.000000 0.600000
vt 0.100000 0.600000
vt 0.150000 0.600000
vt 0.200000 0.600000
vt 0.250000 0.600000
vt 0.300000 0.600000
vt 0.350000 0.600000
vt 0.400000 0.600000
vt 0.450000 0.600000
vt 0.500000 0.600000
vt 0.550000 0.600000
vt 0.600000 0.600000
vt 0.650000 0.600000
vt 0.700000 0.600000
vt 0.750000 0.600000
vt 0.800000 0.600000
vt 0.850000 0.600000
vt 0.900000 0.600000
vt 0.950000 0.600000
vt 1.000000 0.600000
vt 0.050000 0.650000
vt 0.000000 0.650000
vt 0.100000 0.650000
vt 0.150000 0.650000
vt 0.200000 0.650000
vt 0.250000 0.650000
vt 0.300000 0.650000
vt 0.350000 0.650000
vt 0.400000 0.650000
vt 0.450000 0.650000
vt 0.500000 0.650000
vt 0.550000 0.650000
vt 0.600000 0.650000
vt 0.650000 0.650000
vt 0.700000 0.650000
vt 0.750000 0.650000
vt 0.800000 0.650000
vt 0.850000 0.650000
vt 0.900000 0.650000
vt 0.950000 0.650000
vt 1.000000 0.650000
vt 0.050000 0.700000
vt 0.000000 0.700000
vt 0.100000 0.700000
vt 0.150000 0.700000
vt 0.200000 0.700000
vt 0.250000 0.700000
vt 0.300000 0.700000
vt 0.350000 0.700000
vt 0.400000 0.700000
vt 0.450000 0.700000
vt 0.500000 0.700000
vt 0.550000 0.700000
vt 0.600000 0.700000
vt 0.650000 0.700000
vt 0.700000 0.700000
vt 0.750000 0.700000
vt 0.800000 0.700000
vt 0.850000 0.700000
vt 0.900000 0.700000
vt 0.950000 0.700000
vt 1.000000 0.700000
vt 0.050000 0.750000
vt 0.000000 0.750000
vt 0.100000 0.750000
vt 0.150000 0.750000
vt 0.200000 0.750000
vt 0.250000 0.750000
vt 0.300000 0.750000
vt 0.350000 0.750000
vt 0.400000 0.750000
vt 0.450000 0.750000
vt 0.500000 0.750000
vt 0.550000 0.750000
vt 0.600000 0.750000
vt 0.650000 0.750000
vt 0.700000 0.750000
vt 0.750000 0.750000
vt 0.800000 0.750000
vt 0.850000 0.750000
vt 0.900000 0.750000
vt 0.950000 0.750000
vt 1.000000 0.750000
vt 0.050000 0.800000
vt 0.000000 0.800000
vt 0.100000 0.800000
vt 0.150000 0.800000
vt 0.200000 0.800000
vt 0.250000 0.800000
vt 0.300000 0.800000
vt 0.350000 0.800000
vt 0.400000 0.800000
vt 0.450000 0.800000
vt 0.500000 0.800000
vt 0.550000 0.800000
vt 0.600000 0.800000
vt 0.650000 0.800000
vt 0.700000 0.800000
vt 0.750000 0.800000
vt 0.800000 0.800000
vt 0.850000 0.800000
vt 0.900000 0.800000
vt 0.950000 0.800000
vt 1.000000 0.800000
vt 0.050000 0.850000
vt 0.000000 0.850000
vt 0.100000 0.850000
vt 0.150000 0.850000
vt 0.200000 0.850000
vt 0.250000 0.850000
vt 0.300000 0.850000
vt 0.350000 0.850000
vt 0.400000 0.850000
vt 0.450000 0.850000
vt 0.500000 0.850000
vt 0.550000 0.850000
vt 0.600000 0.850000
vt 0.650000 0.850000
vt 0.700000 0.850000
vt 0.750000 0.850000
vt 0.800000 0.850000
vt 0.850000 0.850000
vt 0.900000 0.850000
vt 0.950000 0.850000
vt 1.000000 0.850000
vt 0.050000 0.900000
vt 0.000000 0.900000
vt 0.100000 0.900000
vt 0.150000 0.900000
vt 0.200000 0.900000
vt 0.250000 0.900000
vt 0.300000 0.900000
vt 0.350000 0.900000
vt 0.400000 0.900000
vt 0.450000 0.900000
vt 0.500000 0.900000
vt 0.550000 0.900000
vt 0.600000 0.900000
vt 0.650000 0.900000
vt 0.700000 0.900000
vt 0.750000 0.900000
vt 0.800000 0.900000
vt 0.850000 0.900000
vt 0.900000 0.900000
vt 0.950000 0.900000
vt 1.000000 0.900000
vt 0.050000 0.950000
vt 0.000000 0.950000
vt 0.100000 0.950000
vt 0.150000 0.950000
vt 0.200000 0.950000
vt 0.250000 0.950000
vt 0.300000 0.950000
vt 0.350000 0.950000
vt 0.400000 0.950000
vt 0.450000 0.950000
vt 0.500000 0.950000
vt 0.550000 0.950000
vt 0.600000 0.950000
vt 0.650000 0.950000
vt 0.700000 0.950000
vt 0.750000 0.950000
vt 0.800000 0.950000
vt 0.850000 0.950000
vt 0.900000 0.950000
vt 0.950000 0.950000
vt 1.000000 0.950000
vt 0.025000 0.000000
vt 0.075000 0.000000
vt 0.125000 0.000000
vt 0.175000 0.000000
vt 0.225000 0.000000
vt 0.275000 0.000000
vt 0.325000 0.000000
vt 0.375000 0.000000
vt 0.425000 0.000000
vt 0.475000 0.000000
vt 0.525000 0.000000
vt 0.575000 0.000000
vt 0.625000 0.000000
vt 0.675000 0.000000
vt 0.725000 0.000000
vt 0.775000 0.000000
vt 0.825000 0.000000
vt 0.875000 0.000000
vt 0.925000 0.000000
vt 0.975000 0.000000
vt 0.025000 1.000000
vt 0.075000 1.000000
vt 0.125000 1.000000
vt 0.175000 1.000000
vt 0.225000 1.000000
vt 0.275000 1.000000
vt 0.325000 1.000000
vt 0.375000 1.000000
vt 0.425000 1.000000
vt 0.475000 1.000000
vt 0.525000 1.000000
vt 0.575000 1.000000
vt 0.625000 1.000000
vt 0.675000 1.000000
vt 0.725000 1.000000
vt 0.775000 1.000000
vt 0.825000 1.000000
vt 0.875000 1.000000
vt 0.925000 1.000000
vt 0.975000 1.000000
vt 0.003551 0.592985
vt 0.003551 0.500000
vt 0.096449 0.500000
vt 0.096404 0.593244
vt 0.103551 0.592985
vt 0.103551 0.500000
vt 0.196449 0.500000
vt 0.196404 0.593244
vt 0.203551 0.592985
vt 0.203551 0.500000
vt 0.296449 0.500000
vt 0.296404 0.593244
vt 0.303551 0.592985
vt 0.303551 0.500000
vt 0.396449 0.500000
vt 0.396404 0.593244
vt 0.403551 0.592986
vt 0.403551 0.500000
vt 0.496449 0.500000
vt 0.496404 0.593244
vt 0.503551 0.592985
vt 0.503551 0.500000
vt 0.596449 0.500000
vt 0.596404 0.593244
vt 0.603551 0.592985
vt 0.603551 0.500000
vt 0.696449 0.500000
vt 0.696404 0.593244
vt 0.703551 0.592985
vt 0.703551 0.500000
vt 0.796449 0.500000
vt 0.796404 0.593244
vt 0.803551 0.592985
vt 0.803551 0.500000
vt 0.896449 0.500000
vt 0.896404 0.593244
vt 0.903551 0.592985
vt 0.903551 0.500000
vt 0.996449 0.500000
vt 0.996404 0.593244
vt 0.003734 0.607015
vt 0.095611 0.607015
vt 0.095733 0.693181
vt 0.003734 0.692985
vt 0.103734 0.607015
vt 0.195611 0.607015
vt 0.195733 0.693181
vt 0.103734 0.692985
vt 0.203734 0.607015
vt 0.295611 0.607015
vt 0.295733 0.693181
vt 0.203734 0.692985
vt 0.303734 0.607015
vt 0.395611 0.607015
vt 0.395733 0.693181
vt 0.303734 0.692985
vt 0.403734 0.607015
vt 0.495611 0.607015
vt 0.495733 0.693181
vt 0.403734 0.692985
vt 0.503734 0.607015
vt 0.595611 0.607015
vt 0.595733 0.693181
vt 0.503734 0.692985
vt 0.603734 0.607015
vt 0.695611 0.607015
vt 0.695733 0.693181
vt 0.603734 0.692985
vt 0.703734 0.607015
vt 0.795611 0.607015
vt 0.795733 0.693181
vt 0.703734 0.692985
vt 0.803734 0.607015
vt 0.895611 0.607015
vt 0.895733 0.693181
vt 0.803734 0.692986
vt 0.903734 0.607015
vt 0.995611 0.607015
vt 0.995733 0.693181
vt 0.903734 0.692986
vt 0.004389 0.707015
vt 0.093959 0.707015
vt 0.094037 0.793076
vt 0.004389 0.792986
vt 0.104389 0.707015
vt 0.193959 0.707015
vt 0.194037 0.793076
vt 0.104389 0.792986
vt 0.204389 0.707015
vt 0.293959 0.707015
vt 0.294037 0.793076
vt 0.204389 0.792986
vt 0.304389 0.707015
vt 0.393959 0.707015
vt 0.394037 0.793076
vt 0.304389 0.792986
vt 0.404389 0.707015
vt 0.493959 0.707015
vt 0.494037 0.793076
vt 0.404389 0.792986
vt 0.504389 0.707015
vt 0.593959 0.707015
vt 0.594037 0.793076
vt 0.504389 0.792985
vt 0.604389 0.707015
vt 0.693959 0.707015
vt 0.694037 0.793076
vt 0.604389 0.792985
vt 0.704389 0.707015
vt 0.793959 0.707015
vt 0.794037 0.793076
vt 0.704389 0.792986
vt 0.804389 0.707015
vt 0.893959 0.707015
vt 0.894037 0.793076
vt 0.804389 0.792986
vt 0.904389 0.707015
vt 0.993959 0.707015
vt 0.994037 0.793076
vt 0.904389 0.792986
vt 0.006041 0.807015
vt 0.090632 0.807015
vt 0.088478 0.892967
vt 0.006041 0.892986
vt 0.106041 0.807015
vt 0.190632 0.807015
vt 0.188478 0.892967
vt 0.106041 0.892986
vt 0.206041 0.807015
vt 0.290632 0.807015
vt 0.288478 0.892967
vt 0.206041 0.892986
vt 0.306041 0.807015
vt 0.390632 0.807015
vt 0.388478 0.892967
vt 0.306041 0.892986
vt 0.406041 0.807015
vt 0.490632 0.807015
vt 0.488478 0.892967
vt 0.406041 0.892986
vt 0.506041 0.807015
vt 0.590632 0.807015
vt 0.588478 0.892967
vt 0.506041 0.892986
vt 0.606041 0.807015
vt 0.690632 0.807015
vt 0.688478 0.892967
vt 0.606041 0.892986
vt 0.706041 0.807015
vt 0.790632 0.807015
vt 0.788478 0.892967
vt 0.706041 0.892986
vt 0.806041 0.807015
vt 0.890632 0.807015
vt 0.888478 0.892967
vt 0.806041 0.892986
vt 0.906041 0.807015
vt 0.990632 0.807015
vt 0.988478 0.892967
vt 0.906041 0.892986
vt 0.014999 0.907015
vt 0.085001 0.907015
vt 0.050000 0.977018
vt 0.114999 0.907015
vt 0.185002 0.907015
vt 0.150000 0.977018
vt 0.214998 0.907015
vt 0.285001 0.907015
vt 0.250000 0.977018
vt 0.314999 0.907015
vt 0.385001 0.907015
vt 0.350000 0.977018
vt 0.414999 0.907015
vt 0.485002 0.907015
vt 0.450000 0.977018
vt 0.514999 0.907015
vt 0.585002 0.907015
vt 0.550000 0.977018
vt 0.614999 0.907015
vt 0.685002 0.907015
vt 0.650000 0.977018
vt 0.714999 0.907015
vt 0.785002 0.907015
vt 0.750000 0.977018
vt 0.814999 0.907015
vt 0.885002 0.907015
vt 0.850000 0.977018
vt 0.914999 0.907015
vt 0.985002 0.907015
vt 0.950000 0.977018
vt 0.003257 0.607212
vt 0.003734 0.607015
vt 0.003734 0.692985
vt 0.003323 0.694306
vt 0.003734 0.607015
vt 0.003734 0.692985
vt 0.000000 0.608560
vt 0.000000 0.608560
vt 0.000000 0.692120
vt 0.000000 0.692120
vt 0.000557 0.608330
vt 0.000551 0.693717
vt 0.996404 0.593244
vt 0.996404 0.593244
vt 0.903551 0.592985
vt 0.903551 0.592985
vt 0.996301 0.595030
vt 0.902649 0.594608
vt 0.102759 0.605008
vt 0.103734 0.607015
vt 0.103734 0.692985
vt 0.102778 0.694442
vt 0.103734 0.607015
vt 0.103734 0.692985
vt 0.202759 0.605008
vt 0.203734 0.607015
vt 0.203734 0.692985
vt 0.202778 0.694442
vt 0.203734 0.607015
vt 0.203734 0.692985
vt 0.302759 0.605008
vt 0.303734 0.607015
vt 0.303734 0.692985
vt 0.302778 0.694442
vt 0.303734 0.607015
vt 0.303734 0.692985
vt 0.402759 0.605008
vt 0.403734 0.607015
vt 0.403734 0.692985
vt 0.402778 0.694442
vt 0.403734 0.607015
vt 0.403734 0.692985
vt 0.502759 0.605008
vt 0.503734 0.607015
vt 0.503734 0.692985
vt 0.502778 0.694442
vt 0.503734 0.607015
vt 0.503734 0.692985
vt 0.602759 0.605008
vt 0.603734 0.607015
vt 0.603734 0.692985
vt 0.602778 0.694442
vt 0.603734 0.607015
vt 0.603734 0.692985
vt 0.702759 0.605008
vt 0.703734 0.607015
vt 0.703734 0.692985
vt 0.702778 0.694442
vt 0.703734 0.607015
vt 0.703734 0.692985
vt 0.802759 0.605008
vt 0.803734 0.607015
vt 0.803734 0.692986
vt 0.802778 0.694442
vt 0.803734 0.607015
vt 0.803734 0.692985
vt 0.003830 0.707338
vt 0.004389 0.707015
vt 0.004389 0.792986
vt 0.003992 0.794213
vt 0.004389 0.707015
vt 0.004389 0.792986
vt 0.000000 0.709549
vt 0.000000 0.709549
vt 0.000000 0.792350
vt 0.000000 0.792350
vt 0.000663 0.709167
vt 0.000710 0.793760
vt 0.103229 0.704846
vt 0.104389 0.707015
vt 0.104389 0.792986
vt 0.103242 0.794304
vt 0.104389 0.707015
vt 0.104389 0.792986
vt 0.203229 0.704846
vt 0.204389 0.707015
vt 0.204389 0.792986
vt 0.203242 0.794304
vt 0.204389 0.707015
vt 0.204389 0.792986
vt 0.303229 0.704846
vt 0.304389 0.707015
vt 0.304389 0.792986
vt 0.303242 0.794304
vt 0.304389 0.707015
vt 0.304389 0.792985
vt 0.403229 0.704846
vt 0.404389 0.707015
vt 0.404389 0.792986
vt 0.403242 0.794304
vt 0.404389 0.707015
vt 0.404389 0.792986
vt 0.503229 0.704846
vt 0.504389 0.707015
vt 0.504389 0.792985
vt 0.503242 0.794304
vt 0.504389 0.707015
vt 0.504389 0.792985
vt 0.603229 0.704846
vt 0.604389 0.707015
vt 0.604389 0.792985
vt 0.603242 0.794304
vt 0.604389 0.707015
vt 0.604389 0.792985
vt 0.703229 0.704846
vt 0.704389 0.707015
vt 0.704389 0.792986
vt 0.703242 0.794304
vt 0.704389 0.707015
vt 0.704389 0.792986
vt 0.803229 0.704846
vt 0.804389 0.707015
vt 0.804389 0.792986
vt 0.803242 0.794304
vt 0.804389 0.707015
vt 0.804389 0.792985
vt 0.005125 0.807499
vt 0.006041 0.807015
vt 0.006041 0.892986
vt 0.005293 0.893539
vt 0.006041 0.807015
vt 0.006041 0.892986
vt 0.000000 0.810205
vt 0.000000 0.810205
vt 0.000000 0.891454
vt 0.000000 0.891454
vt 0.000762 0.809802
vt 0.000747 0.892384
vt 0.104423 0.804736
vt 0.106041 0.807015
vt 0.106041 0.892986
vt 0.103562 0.894206
vt 0.106041 0.807015
vt 0.106041 0.892986
vt 0.204423 0.804736
vt 0.206041 0.807015
vt 0.206041 0.892986
vt 0.203562 0.894206
vt 0.206041 0.807015
vt 0.206041 0.892986
vt 0.304423 0.804736
vt 0.306041 0.807015
vt 0.306041 0.892986
vt 0.303562 0.894206
vt 0.306041 0.807015
vt 0.306041 0.892986
vt 0.404423 0.804736
vt 0.406041 0.807015
vt 0.406041 0.892986
vt 0.403562 0.894206
vt 0.406041 0.807015
vt 0.406041 0.892986
vt 0.504423 0.804736
vt 0.506041 0.807015
vt 0.506041 0.892986
vt 0.503562 0.894206
vt 0.506041 0.807015
vt 0.506041 0.892986
vt 0.604423 0.804736
vt 0.606041 0.807015
vt 0.606041 0.892986
vt 0.603562 0.894206
vt 0.606041 0.807015
vt 0.606041 0.892986
vt 0.704423 0.804736
vt 0.706041 0.807015
vt 0.706041 0.892986
vt 0.703562 0.894206
vt 0.706041 0.807015
vt 0.706041 0.892986
vt 0.804423 0.804736
vt 0.806041 0.807015
vt 0.806041 0.892986
vt 0.803562 0.894206
vt 0.806041 0.807015
vt 0.806041 0.892986
vt 0.013447 0.907501
vt 0.014999 0.907015
vt 0.050000 0.977018
vt 0.052224 0.973334
vt 0.014999 0.907015
vt 0.050000 0.977018
vt 0.005064 0.910128
vt 0.005064 0.910128
vt 0.036474 0.972949
vt 0.036474 0.972949
vt 0.006298 0.909741
vt 0.044727 0.972864
vt 0.093385 0.909641
vt 0.094936 0.910128
vt 0.063526 0.972949
vt 0.059349 0.974765
vt 0.094936 0.910128
vt 0.063526 0.972949
vt 0.193385 0.909641
vt 0.194936 0.910128
vt 0.163526 0.972949
vt 0.161678 0.973505
vt 0.194936 0.910128
vt 0.163526 0.972948
vt 0.293385 0.909641
vt 0.294936 0.910128
vt 0.263526 0.972949
vt 0.261678 0.973505
vt 0.294936 0.910128
vt 0.263526 0.972949
vt 0.393385 0.909641
vt 0.394936 0.910128
vt 0.363526 0.972949
vt 0.361678 0.973504
vt 0.394936 0.910128
vt 0.363526 0.972949
vt 0.493385 0.909641
vt 0.494936 0.910128
vt 0.463526 0.972949
vt 0.461678 0.973505
vt 0.494936 0.910128
vt 0.463526 0.972949
vt 0.593385 0.909641
vt 0.594936 0.910128
vt 0.563526 0.972949
vt 0.561678 0.973505
vt 0.594936 0.910128
vt 0.563526 0.972948
vt 0.693385 0.909641
vt 0.694936 0.910128
vt 0.663526 0.972949
vt 0.661678 0.973505
vt 0.694936 0.910128
vt 0.663526 0.972949
vt 0.793385 0.909641
vt 0.794936 0.910128
vt 0.763526 0.972949
vt 0.761678 0.973505
vt 0.794936 0.910128
vt 0.763526 0.972948
vt 0.995723 0.605062
vt 0.902759 0.605008
vt 0.003113 0.594357
vt 0.000486 0.593189
vt 0.000416 0.502093
vt 0.003131 0.501639
vt 0.003236 0.604750
vt 0.097361 0.594881
vt 0.096756 0.605018
vt 0.096835 0.694641
vt 0.102649 0.594608
vt 0.097280 0.501565
vt 0.102711 0.501568
vt 0.197361 0.594881
vt 0.196756 0.605018
vt 0.196835 0.694641
vt 0.202649 0.594608
vt 0.197280 0.501565
vt 0.202711 0.501568
vt 0.297361 0.594882
vt 0.296756 0.605018
vt 0.296835 0.694641
vt 0.302649 0.594608
vt 0.297280 0.501565
vt 0.302712 0.501568
vt 0.397361 0.594881
vt 0.396756 0.605018
vt 0.396835 0.694641
vt 0.402649 0.594608
vt 0.397280 0.501565
vt 0.402712 0.501568
vt 0.497361 0.594881
vt 0.496756 0.605018
vt 0.496835 0.694641
vt 0.502649 0.594608
vt 0.497280 0.501565
vt 0.502712 0.501568
vt 0.597361 0.594881
vt 0.596756 0.605018
vt 0.596835 0.694641
vt 0.602649 0.594608
vt 0.597280 0.501565
vt 0.602712 0.501568
vt 0.697361 0.594882
vt 0.696756 0.605018
vt 0.696835 0.694641
vt 0.702649 0.594608
vt 0.697280 0.501565
vt 0.702712 0.501568
vt 0.797361 0.594881
vt 0.796756 0.605018
vt 0.796835 0.694641
vt 0.802649 0.594608
vt 0.797280 0.501565
vt 0.802712 0.501568
vt 0.897361 0.594881
vt 0.896756 0.605018
vt 0.902778 0.694442
vt 0.896835 0.694641
vt 0.897280 0.501565
vt 0.902712 0.501568
vt 0.995508 0.694938
vt 0.994214 0.705027
vt 0.903229 0.704846
vt 0.003793 0.704705
vt 0.095567 0.704854
vt 0.095499 0.794394
vt 0.195567 0.704854
vt 0.195499 0.794394
vt 0.295567 0.704854
vt 0.295499 0.794394
vt 0.395567 0.704854
vt 0.395499 0.794394
vt 0.495567 0.704854
vt 0.495499 0.794394
vt 0.595567 0.704854
vt 0.595499 0.794394
vt 0.695567 0.704854
vt 0.695499 0.794394
vt 0.795567 0.704854
vt 0.795499 0.794394
vt 0.895567 0.704854
vt 0.903242 0.794304
vt 0.895499 0.794394
vt 0.993616 0.794800
vt 0.991129 0.804978
vt 0.904423 0.804736
vt 0.005200 0.804641
vt 0.093164 0.804740
vt 0.090348 0.894187
vt 0.193164 0.804740
vt 0.190348 0.894187
vt 0.293164 0.804740
vt 0.290348 0.894187
vt 0.393164 0.804740
vt 0.390348 0.894187
vt 0.493164 0.804740
vt 0.490348 0.894187
vt 0.593164 0.804740
vt 0.590348 0.894187
vt 0.693164 0.804740
vt 0.690348 0.894187
vt 0.793164 0.804740
vt 0.790348 0.894187
vt 0.893164 0.804740
vt 0.903562 0.894206
vt 0.890348 0.894187
vt 0.988065 0.894635
vt 0.985549 0.904802
vt 0.909672 0.904698
vt 0.011596 0.903798
vt 0.087830 0.904697
vt 0.086236 0.907401
vt 0.109672 0.904698
vt 0.187830 0.904697
vt 0.186236 0.907401
vt 0.152932 0.976135
vt 0.209672 0.904698
vt 0.287830 0.904697
vt 0.286236 0.907401
vt 0.252932 0.976135
vt 0.309672 0.904698
vt 0.387830 0.904697
vt 0.386236 0.907401
vt 0.352932 0.976135
vt 0.409672 0.904698
vt 0.487830 0.904697
vt 0.486236 0.907401
vt 0.452932 0.976135
vt 0.509672 0.904698
vt 0.587830 0.904697
vt 0.586236 0.907401
vt 0.552932 0.976135
vt 0.609672 0.904698
vt 0.687830 0.904697
vt 0.686236 0.907401
vt 0.652932 0.976135
vt 0.709672 0.904698
vt 0.787830 0.904697
vt 0.786236 0.907401
vt 0.752932 0.976135
vt 0.809672 0.904698
vt 0.887830 0.904697
vt 0.886236 0.907401
vt 0.893385 0.909641
vt 0.861678 0.973505
vt 0.852932 0.976135
vt 0.000474 0.599628
vt 0.000560 0.699665
vt 0.000775 0.799651
vt 0.000775 0.898785
vt 0.061113 0.977773
vt 0.058731 0.982538
vt 0.053113 0.987238
vt 0.049232 0.987938
vt 0.044991 0.984452
vt 0.040789 0.978160
vt 0.039722 0.973536
vt 0.000000 0.692120
vt 0.000000 0.608560
vt 0.903734 0.607015
vt 0.995611 0.607015
vt 0.000000 0.591297
vt 0.000000 0.500598
vt 0.000000 0.500598
vt 0.000000 0.591297
vt 0.003551 0.500000
vt 0.003551 0.592985
vt 0.096404 0.593244
vt 0.095611 0.607015
vt 0.095733 0.693181
vt 0.096449 0.500000
vt 0.103551 0.500000
vt 0.103551 0.592985
vt 0.196404 0.593244
vt 0.195611 0.607015
vt 0.195733 0.693181
vt 0.196449 0.500000
vt 0.203551 0.500000
vt 0.203551 0.592985
vt 0.296404 0.593244
vt 0.295611 0.607015
vt 0.295733 0.693181
vt 0.296449 0.500000
vt 0.303551 0.500000
vt 0.303551 0.592985
vt 0.396404 0.593244
vt 0.395611 0.607015
vt 0.395733 0.693181
vt 0.396449 0.500000
vt 0.403551 0.500000
vt 0.403551 0.592986
vt 0.496404 0.593244
vt 0.495611 0.607015
vt 0.495733 0.693181
vt 0.496449 0.500000
vt 0.503551 0.500000
vt 0.503551 0.592985
vt 0.596404 0.593244
vt 0.595611 0.607015
vt 0.595733 0.693181
vt 0.596449 0.500000
vt 0.603551 0.500000
vt 0.603551 0.592985
vt 0.696404 0.593244
vt 0.695611 0.607015
vt 0.695733 0.693181
vt 0.696449 0.500000
vt 0.703551 0.500000
vt 0.703551 0.592985
vt 0.796404 0.593244
vt 0.795611 0.607015
vt 0.795733 0.693181
vt 0.796449 0.500000
vt 0.803551 0.500000
vt 0.803551 0.592985
vt 0.896404 0.593244
vt 0.895611 0.607015
vt 0.903734 0.692986
vt 0.895733 0.693181
vt 0.896449 0.500000
vt 0.903551 0.500000
vt 0.000000 0.792350
vt 0.000000 0.709549
vt 0.904389 0.707015
vt 0.993959 0.707015
vt 0.995733 0.693181
vt 0.093959 0.707015
vt 0.094037 0.793076
vt 0.193959 0.707015
vt 0.194037 0.793076
vt 0.293959 0.707015
vt 0.294037 0.793076
vt 0.393959 0.707015
vt 0.394037 0.793076
vt 0.493959 0.707015
vt 0.494037 0.793076
vt 0.593959 0.707015
vt 0.594037 0.793076
vt 0.693959 0.707015
vt 0.694037 0.793076
vt 0.793959 0.707015
vt 0.794037 0.793076
vt 0.893959 0.707015
vt 0.904389 0.792986
vt 0.894037 0.793076
vt 0.000000 0.891454
vt 0.000000 0.810205
vt 0.906041 0.807015
vt 0.990632 0.807015
vt 0.994037 0.793076
vt 0.090632 0.807015
vt 0.088478 0.892967
vt 0.190632 0.807015
vt 0.188478 0.892967
vt 0.290632 0.807015
vt 0.288478 0.892967
vt 0.390632 0.807015
vt 0.388478 0.892967
vt 0.490632 0.807015
vt 0.488478 0.892967
vt 0.590632 0.807015
vt 0.588478 0.892967
vt 0.690632 0.807015
vt 0.688478 0.892967
vt 0.790632 0.807015
vt 0.788478 0.892967
vt 0.890632 0.807015
vt 0.906041 0.892986
vt 0.888478 0.892967
vt 0.036474 0.972949
vt 0.005064 0.910128
vt 0.914999 0.907015
vt 0.985002 0.907015
vt 0.988478 0.892967
vt 0.085001 0.907015
vt 0.094936 0.910128
vt 0.063526 0.972949
vt 0.114999 0.907015
vt 0.185002 0.907015
vt 0.194936 0.910128
vt 0.163526 0.972949
vt 0.150000 0.977018
vt 0.214998 0.907015
vt 0.285001 0.907015
vt 0.294936 0.910128
vt 0.263526 0.972949
vt 0.250000 0.977018
vt 0.314999 0.907015
vt 0.385001 0.907015
vt 0.394936 0.910128
vt 0.363526 0.972949
vt 0.350000 0.977018
vt 0.414998 0.907015
vt 0.485002 0.907015
vt 0.494936 0.910128
vt 0.463526 0.972949
vt 0.450000 0.977017
vt 0.514999 0.907015
vt 0.585002 0.907015
vt 0.594936 0.910128
vt 0.563526 0.972949
vt 0.550000 0.977018
vt 0.614999 0.907015
vt 0.685002 0.907015
vt 0.694936 0.910128
vt 0.663526 0.972949
vt 0.650000 0.977018
vt 0.714999 0.907015
vt 0.785002 0.907015
vt 0.794936 0.910128
vt 0.763526 0.972949
vt 0.750000 0.977018
vt 0.814999 0.907015
vt 0.885002 0.907015
vt 0.894936 0.910128
vt 0.863526 0.972949
vt 0.863526 0.972949
vt 0.894936 0.910128
vt 0.850000 0.977018
vt 0.095611 0.607015
vt 0.995611 0.607015
vt 0.903734 0.607015
vt 0.903734 0.692986
vt 0.000000 0.591297
vt 0.000000 0.500598
vt 0.003551 0.500000
vt 0.003551 0.592985
vt 0.096404 0.593244
vt 0.096449 0.500000
vt 0.095733 0.693181
vt 0.195611 0.607015
vt 0.103551 0.500000
vt 0.103551 0.592985
vt 0.196404 0.593244
vt 0.196449 0.500000
vt 0.195733 0.693181
vt 0.295611 0.607015
vt 0.203551 0.500000
vt 0.203551 0.592985
vt 0.296404 0.593244
vt 0.296449 0.500000
vt 0.295733 0.693181
vt 0.395611 0.607015
vt 0.303551 0.500000
vt 0.303551 0.592985
vt 0.396404 0.593244
vt 0.396449 0.500000
vt 0.395733 0.693181
vt 0.495611 0.607015
vt 0.403551 0.500000
vt 0.403551 0.592986
vt 0.496404 0.593244
vt 0.496449 0.500000
vt 0.495733 0.693181
vt 0.595611 0.607015
vt 0.503551 0.500000
vt 0.503551 0.592985
vt 0.596404 0.593244
vt 0.596449 0.500000
vt 0.595733 0.693181
vt 0.695611 0.607015
vt 0.603551 0.500000
vt 0.603551 0.592985
vt 0.696404 0.593244
vt 0.696449 0.500000
vt 0.695733 0.693181
vt 0.795611 0.607015
vt 0.703551 0.500000
vt 0.703551 0.592985
vt 0.796404 0.593244
vt 0.796449 0.500000
vt 0.795733 0.693181
vt 0.895611 0.607015
vt 0.803551 0.500000
vt 0.803551 0.592985
vt 0.896404 0.593244
vt 0.896449 0.500000
vt 0.895733 0.693181
vt 0.995733 0.693181
vt 0.903551 0.500000
vt 0.093959 0.707015
vt 0.993959 0.707015
vt 0.904389 0.707015
vt 0.904389 0.792986
vt 0.094037 0.793076
vt 0.193959 0.707015
vt 0.194037 0.793076
vt 0.293959 0.707015
vt 0.294037 0.793076
vt 0.393959 0.707015
vt 0.394037 0.793076
vt 0.493959 0.707015
vt 0.494037 0.793076
vt 0.593959 0.707015
vt 0.594037 0.793076
vt 0.693959 0.707015
vt 0.694037 0.793076
vt 0.793959 0.707015
vt 0.794037 0.793076
vt 0.893959 0.707015
vt 0.894037 0.793076
vt 0.994037 0.793076
vt 0.090632 0.807015
vt 0.990632 0.807015
vt 0.906041 0.807015
vt 0.906041 0.892986
vt 0.088478 0.892967
vt 0.190632 0.807015
vt 0.188478 0.892967
vt 0.290632 0.807015
vt 0.288478 0.892967
vt 0.390632 0.807015
vt 0.388478 0.892967
vt 0.490632 0.807015
vt 0.488478 0.892967
vt 0.590632 0.807015
vt 0.588478 0.892967
vt 0.690632 0.807015
vt 0.688478 0.892967
vt 0.790632 0.807015
vt 0.788478 0.892967
vt 0.890632 0.807015
vt 0.888478 0.892967
vt 0.988478 0.892967
vt 0.085001 0.907015
vt 0.985002 0.907015
vt 0.914999 0.907015
vt 0.863526 0.972949
vt 0.894936 0.910128
vt 0.114999 0.907015
vt 0.185002 0.907015
vt 0.150000 0.977018
vt 0.214998 0.907015
vt 0.285001 0.907015
vt 0.250000 0.977018
vt 0.314999 0.907015
vt 0.385001 0.907015
vt 0.350000 0.977018
vt 0.414999 0.907015
vt 0.485002 0.907015
vt 0.450000 0.977018
vt 0.514999 0.907015
vt 0.585002 0.907015
vt 0.550000 0.977018
vt 0.614999 0.907015
vt 0.685002 0.907015
vt 0.650000 0.977018
vt 0.714999 0.907015
vt 0.785002 0.907015
vt 0.750000 0.977018
vt 0.814999 0.907015
vt 0.885002 0.907015
vt 0.850000 0.977018
vn 0.000000 0.000000 1.000000
vn 0.000000 0.000000 1.000000
vn -0.000000 0.000000 1.000000
vn 0.000000 0.000000 1.000000
vn 0.000000 0.000000 1.000000
vn -0.000001 0.000000 1.000000
vn -0.000000 0.000000 1.000000
vn 0.000001 0.000000 1.000000
vn 0.000000 0.000000 1.000000
vn -0.000000 0.000000 1.000000
vn -0.000000 0.000000 1.000000
vn 0.000000 0.000000 1.000000
vn -0.000000 0.000000 -1.000000
vn -0.000000 0.000000 -1.000000
vn -0.000000 0.000000 -1.000000
vn -0.000005 0.000000 -1.000000
vn -0.000001 0.000000 -1.000000
vn 0.000005 0.000000 -1.000000
vn 0.000000 0.000000 -1.000000
vn -0.000005 0.000000 -1.000000
vn 0.000001 0.000000 -1.000000
vn 0.000005 0.000000 -1.000000
vn 0.000000 0.000000 -1.000000
vn 0.000000 0.000000 -1.000000
vn -0.992429 0.122820 -0.000005
vn -0.969248 0.246084 -0.000006
vn -0.969248 0.246085 -0.000006
vn -0.992429 0.122820 -0.000005
vn -0.869621 0.493721 0.000004
vn -0.869621 0.493720 0.000004
vn -0.680921 0.732356 0.000015
vn -0.680924 0.732354 0.000015
vn -0.383939 0.923359 0.000011
vn -0.383944 0.923356 0.000011
vn 0.000002 1.000000 0.000005
vn -0.000001 1.000000 0.000005
vn 0.383935 0.923360 0.000008
vn 0.383942 0.923357 0.000008
vn 0.680926 0.732352 0.000005
vn 0.680926 0.732352 0.000005
vn 0.869620 0.493721 -0.000002
vn 0.869620 0.493722 -0.000002
vn 0.969248 0.246085 -0.000001
vn 0.969248 0.246085 -0.000001
vn 0.992431 0.122803 0.000001
vn 0.992431 0.122803 0.000001
vn -0.992429 0.122822 0.000007
vn -0.969249 0.246081 0.000002
vn -0.969249 0.246082 0.000002
vn -0.992429 0.122822 0.000007
vn -0.869624 0.493716 0.000003
vn -0.869624 0.493715 0.000003
vn -0.680921 0.732356 0.000012
vn -0.680923 0.732355 0.000012
vn -0.383937 0.923359 0.000010
vn -0.383944 0.923357 0.000010
vn 0.000002 1.000000 0.000003
vn 0.000002 1.000000 0.000003
vn 0.383943 0.923357 0.000001
vn 0.383940 0.923358 0.000001
vn 0.680925 0.732354 0.000004
vn 0.680926 0.732352 0.000004
vn 0.869623 0.493715 0.000007
vn 0.869624 0.493715 0.000007
vn 0.969246 0.246095 0.000004
vn 0.969246 0.246094 0.000004
vn 0.992426 0.122842 -0.000000
vn 0.992426 0.122842 -0.000000
vn -0.992429 0.122816 0.000014
vn -0.969249 0.246084 0.000006
vn -0.969248 0.246084 0.000006
vn -0.992429 0.122816 0.000014
vn -0.869622 0.493717 0.000001
vn -0.869622 0.493718 0.000001
vn -0.680923 0.732355 0.000003
vn -0.680924 0.732354 0.000003
vn -0.383940 0.923358 0.000001
vn -0.383940 0.923358 0.000001
vn 0.000000 1.000000 -0.000001
vn 0.000001 1.000000 -0.000001
vn 0.383939 0.923359 0.000000
vn 0.383939 0.923359 0.000000
vn 0.680924 0.732354 0.000000
vn 0.680924 0.732354 0.000000
vn 0.869624 0.493715 0.000000
vn 0.869624 0.493715 0.000000
vn 0.969247 0.246090 0.000000
vn 0.969247 0.246090 0.000000
vn 0.992428 0.122827 0.000000
vn 0.992428 0.122827 0.000000
vn -0.992430 0.122814 -0.000001
vn -0.969248 0.246088 0.000002
vn -0.969248 0.246087 0.000002
vn -0.992430 0.122814 -0.000001
vn -0.869619 0.493723 -0.000002
vn -0.869619 0.493723 -0.000002
vn -0.680923 0.732355 -0.000010
vn -0.680921 0.732357 -0.000010
vn -0.383942 0.923357 -0.000007
vn -0.383939 0.923358 -0.000007
vn 0.000000 1.000000 -0.000003
vn 0.000000 1.000000 -0.000003
vn 0.383940 0.923358 -0.000004
vn 0.383938 0.923359 -0.000004
vn 0.680922 0.732356 -0.000004
vn 0.680922 0.732356 -0.000004
vn 0.869622 0.493719 0.000002
vn 0.869622 0.493719 0.000002
vn 0.969248 0.246087 0.000002
vn 0.969248 0.246087 0.000002
vn 0.992430 0.122814 -0.000001
vn 0.992430 0.122814 -0.000001
vn -0.993027 0.108253 -0.046678
vn -0.963891 -0.266299 0.000000
vn -0.963890 -0.266299 0.000000
vn -0.993027 0.108253 0.046678
vn -0.493262 -0.869881 0.000000
vn -0.197918 -0.980219 -0.000003
vn -0.197917 -0.980219 -0.000003
vn -0.493262 -0.869881 0.000000
vn -0.993027 0.108253 -0.046678
vn -0.963890 -0.266300 0.000000
vn -0.963890 -0.266300 0.000000
vn -0.993027 0.108253 0.046678
vn -0.493262 -0.869881 0.000000
vn -0.197918 -0.980219 -0.000003
vn -0.197919 -0.980218 -0.000003
vn -0.493262 -0.869881 0.000000
vn -0.993027 0.108252 -0.046678
vn -0.963892 -0.266292 0.000000
vn -0.963892 -0.266292 0.000000
vn -0.993027 0.108253 0.046679
vn -0.493261 -0.869881 0.000000
vn -0.197943 -0.980214 0.000000
vn -0.197942 -0.980214 0.000000
vn -0.493261 -0.869881 0.000000
vn -0.967879 0.249215 0.033190
vn -0.967879 0.249215 -0.033191
vn -0.868905 0.493882 0.032934
vn -0.868905 0.493882 -0.032934
vn -0.679972 0.732501 0.032861
vn -0.679972 0.732501 -0.032861
vn -0.383044 0.923148 0.032800
vn -0.383043 0.923148 -0.032800
vn -0.000000 0.999463 0.032777
vn 0.000000 0.999463 -0.032777
vn 0.383044 0.923148 0.032799
vn 0.383043 0.923148 -0.032799
vn 0.679972 0.732502 0.032861
vn 0.679972 0.732502 -0.032861
vn 0.868905 0.493882 0.032935
vn 0.868905 0.493882 -0.032935
vn 0.967879 0.249215 0.033192
vn 0.967879 0.249215 -0.033192
vn 0.993027 0.108250 0.046681
vn 0.993027 0.108250 -0.046681
vn -0.967879 0.249216 0.033191
vn -0.967879 0.249216 -0.033191
vn -0.868905 0.493882 0.032935
vn -0.868905 0.493882 -0.032935
vn -0.679973 0.732501 0.032861
vn -0.679973 0.732501 -0.032861
vn -0.383044 0.923148 0.032799
vn -0.383044 0.923148 -0.032799
vn 0.000000 0.999463 0.032777
vn 0.000000 0.999463 -0.032777
vn 0.383044 0.923148 0.032799
vn 0.383044 0.923148 -0.032799
vn 0.679972 0.732501 0.032861
vn 0.679972 0.732502 -0.032861
vn 0.868905 0.493882 0.032935
vn 0.868905 0.493882 -0.032935
vn 0.967879 0.249215 0.033192
vn 0.967879 0.249215 -0.033192
vn 0.993027 0.108250 0.046681
vn 0.993027 0.108250 -0.046681
vn -0.967879 0.249216 0.033191
vn -0.967879 0.249215 -0.033191
vn -0.868905 0.493881 0.032935
vn -0.868905 0.493882 -0.032935
vn -0.679972 0.732501 0.032861
vn -0.679972 0.732502 -0.032861
vn -0.383043 0.923148 0.032800
vn -0.383044 0.923148 -0.032800
vn 0.000000 0.999463 0.032778
vn 0.000000 0.999463 -0.032778
vn 0.383043 0.923148 0.032801
vn 0.383044 0.923147 -0.032801
vn 0.679972 0.732502 0.032862
vn 0.679973 0.732500 -0.032862
vn 0.868905 0.493882 0.032935
vn 0.868905 0.493881 -0.032935
vn 0.967879 0.249216 0.033192
vn 0.967879 0.249215 -0.033192
vn 0.993027 0.108250 0.046681
vn 0.993027 0.108250 -0.046680
vn -0.122812 -0.992430 -0.000004
vn -0.122812 -0.992430 -0.000004
vn -0.000010 0.000002 1.000000
vn -0.000010 0.000003 1.000000
vn -0.104266 0.026613 0.994193
vn -0.077429 0.009583 0.996952
vn 0.000014 -0.000003 -1.000000
vn 0.000015 -0.000002 -1.000000
vn -0.077412 0.009580 -0.996953
vn -0.104248 0.026608 -0.994195
vn -0.000010 0.000007 1.000000
vn -0.095162 0.054079 0.993992
vn 0.000013 -0.000007 -1.000000
vn -0.095141 0.054068 -0.993994
vn -0.000010 0.000010 1.000000
vn -0.075950 0.081794 0.993751
vn 0.000010 -0.000010 -1.000000
vn -0.075931 0.081773 -0.993754
vn -0.000006 0.000011 1.000000
vn -0.043660 0.105179 0.993494
vn 0.000006 -0.000012 -1.000000
vn -0.043649 0.105156 -0.993497
vn -0.000000 0.000008 1.000000
vn -0.000000 0.114899 0.993377
vn -0.000001 -0.000013 -1.000000
vn -0.000000 0.114883 -0.993379
vn 0.000004 0.000006 1.000000
vn 0.043658 0.105174 0.993495
vn -0.000006 -0.000012 -1.000000
vn 0.043650 0.105159 -0.993497
vn 0.000006 0.000005 1.000000
vn 0.075945 0.081788 0.993752
vn -0.000010 -0.000010 -1.000000
vn 0.075933 0.081774 -0.993754
vn 0.000006 0.000003 1.000000
vn 0.095159 0.054076 0.993992
vn -0.000014 -0.000007 -1.000000
vn 0.095140 0.054066 -0.993995
vn 0.000005 0.000002 1.000000
vn 0.104270 0.026613 0.994193
vn -0.000013 -0.000003 -1.000000
vn 0.104251 0.026608 -0.994195
vn 0.000005 0.000001 1.000000
vn 0.077431 0.009583 0.996952
vn 0.122818 -0.992429 0.000001
vn 0.122818 -0.992429 0.000001
vn 0.197933 -0.980215 0.000001
vn 0.197933 -0.980216 0.000001
vn -0.000009 -0.000002 -1.000000
vn 0.077419 0.009581 -0.996953
vn -0.122812 -0.992430 -0.000004
vn -0.122812 -0.992430 -0.000004
vn -0.000009 0.000001 1.000000
vn -0.000010 0.000002 1.000000
vn -0.104253 0.026609 0.994195
vn -0.077418 0.009582 0.996953
vn 0.000011 -0.000003 -1.000000
vn 0.000007 -0.000002 -1.000000
vn -0.077408 0.009580 -0.996953
vn -0.104247 0.026608 -0.994196
vn -0.000008 0.000003 1.000000
vn -0.095151 0.054071 0.993993
vn 0.000013 -0.000007 -1.000000
vn -0.095145 0.054068 -0.993994
vn -0.000005 0.000005 1.000000
vn -0.075941 0.081782 0.993753
vn 0.000009 -0.000010 -1.000000
vn -0.075934 0.081775 -0.993754
vn -0.000002 0.000006 1.000000
vn -0.043653 0.105165 0.993496
vn 0.000004 -0.000009 -1.000000
vn -0.043652 0.105161 -0.993497
vn 0.000001 0.000005 1.000000
vn 0.000000 0.114885 0.993379
vn 0.000001 -0.000003 -1.000000
vn 0.000001 0.114890 -0.993378
vn -0.000002 0.000002 1.000000
vn 0.043648 0.105158 0.993497
vn 0.000002 0.000000 -1.000000
vn 0.043656 0.105167 -0.993496
vn -0.000001 0.000000 1.000000
vn 0.075933 0.081775 0.993754
vn -0.000001 0.000000 -1.000000
vn 0.075941 0.081784 -0.993753
vn 0.000004 0.000000 1.000000
vn 0.095147 0.054068 0.993994
vn -0.000002 0.000000 -1.000000
vn 0.095153 0.054073 -0.993993
vn 0.000003 0.000000 1.000000
vn 0.104252 0.026609 0.994195
vn -0.000003 0.000000 -1.000000
vn 0.104261 0.026611 -0.994194
vn 0.000001 0.000000 1.000000
vn 0.077416 0.009581 0.996953
vn 0.122828 -0.992428 0.000000
vn 0.122828 -0.992428 0.000000
vn 0.197940 -0.980214 -0.000000
vn 0.197942 -0.980214 -0.000000
vn -0.000004 0.000000 -1.000000
vn 0.077422 0.009582 -0.996952
vn -0.122827 -0.992428 0.000000
vn -0.122827 -0.992428 0.000000
vn -0.000001 0.000000 1.000000
vn -0.000002 0.000000 1.000000
vn -0.104241 0.026606 0.994196
vn -0.077412 0.009580 0.996953
vn 0.000004 0.000000 -1.000000
vn 0.000005 0.000000 -1.000000
vn -0.077401 0.009580 -0.996954
vn -0.104232 0.026604 -0.994197
vn 0.000001 0.000000 1.000000
vn -0.095132 0.054062 0.993996
vn 0.000002 0.000000 -1.000000
vn -0.095124 0.054059 -0.993997
vn 0.000003 0.000000 1.000000
vn -0.075926 0.081766 0.993755
vn 0.000001 0.000000 -1.000000
vn -0.075916 0.081762 -0.993756
vn -0.000000 0.000000 1.000000
vn -0.043645 0.105145 0.993499
vn -0.000002 0.000000 -1.000000
vn -0.043641 0.105140 -0.993500
vn -0.000000 0.000000 1.000000
vn 0.000000 0.114868 0.993381
vn -0.000001 0.000000 -1.000000
vn -0.000000 0.114862 -0.993382
vn -0.000000 0.000000 1.000000
vn 0.043646 0.105146 0.993499
vn 0.000002 0.000000 -1.000000
vn 0.043641 0.105140 -0.993499
vn 0.000000 0.000000 1.000000
vn 0.075928 0.081767 0.993755
vn -0.000003 0.000000 -1.000000
vn 0.075919 0.081762 -0.993756
vn -0.000002 0.000000 1.000000
vn 0.095136 0.054062 0.993995
vn -0.000005 0.000000 -1.000000
vn 0.095126 0.054059 -0.993996
vn -0.000000 0.000000 1.000000
vn 0.104235 0.026606 0.994197
vn -0.000006 0.000000 -1.000000
vn 0.104231 0.026604 -0.994197
vn 0.000004 0.000000 1.000000
vn 0.077404 0.009580 0.996954
vn 0.122828 -0.992428 0.000000
vn 0.122828 -0.992428 0.000000
vn 0.197945 -0.980213 0.000000
vn 0.197944 -0.980213 0.000000
vn -0.000009 0.000000 -1.000000
vn 0.077398 0.009580 -0.996954
vn -0.379839 0.047007 -0.923858
vn -0.368238 0.093987 -0.924969
vn -0.916885 0.113477 -0.382681
vn -0.893798 0.229380 -0.385369
vn -0.916881 0.113480 0.382689
vn -0.893799 0.229380 0.385369
vn -0.379818 0.047008 0.923866
vn -0.368238 0.093987 0.924969
vn -0.802007 0.455837 0.386002
vn -0.329865 0.187455 0.925229
vn -0.329860 0.187455 -0.925231
vn -0.802005 0.455839 -0.386004
vn -0.627302 0.675729 0.387146
vn -0.257392 0.277200 0.925694
vn -0.257398 0.277200 -0.925693
vn -0.627302 0.675730 -0.387146
vn -0.353159 0.851062 0.388552
vn -0.144485 0.348079 0.926264
vn -0.144485 0.348079 -0.926264
vn -0.353151 0.851065 -0.388553
vn 0.000000 0.921126 0.389265
vn -0.000000 0.376162 0.926554
vn -0.000000 0.376162 -0.926554
vn 0.000000 0.921126 -0.389265
vn 0.353166 0.851062 0.388544
vn 0.144484 0.348077 0.926265
vn 0.144484 0.348077 -0.926265
vn 0.353158 0.851065 -0.388546
vn 0.627308 0.675727 0.387140
vn 0.257391 0.277199 0.925695
vn 0.257398 0.277199 -0.925693
vn 0.627308 0.675728 -0.387140
vn 0.802003 0.455841 0.386006
vn 0.329871 0.187454 0.925228
vn 0.329871 0.187454 -0.925228
vn 0.802005 0.455838 -0.386004
vn 0.893793 0.229381 0.385382
vn 0.368247 0.093987 0.924965
vn 0.368241 0.093988 -0.924967
vn 0.893795 0.229379 -0.385378
vn 0.916874 0.113478 0.382707
vn 0.379825 0.047008 0.923863
vn 0.963878 -0.266345 0.000000
vn 0.963878 -0.266345 0.000000
vn 0.493277 -0.869872 0.000000
vn 0.493277 -0.869872 0.000000
vn 0.379825 0.047008 -0.923863
vn 0.916878 0.113475 -0.382698
vn -0.379797 0.047008 -0.923875
vn -0.368229 0.093988 -0.924972
vn -0.916889 0.113475 -0.382672
vn -0.893801 0.229378 -0.385365
vn -0.916885 0.113477 0.382681
vn -0.893798 0.229380 0.385369
vn -0.379776 0.047003 0.923884
vn -0.368198 0.093979 0.924986
vn -0.802004 0.455839 0.386006
vn -0.329841 0.187439 0.925241
vn -0.329874 0.187457 -0.925226
vn -0.802005 0.455838 -0.386006
vn -0.627306 0.675726 0.387146
vn -0.257376 0.277175 0.925706
vn -0.257399 0.277201 -0.925692
vn -0.627305 0.675727 -0.387146
vn -0.353157 0.851063 0.388552
vn -0.144470 0.348047 0.926278
vn -0.144487 0.348079 -0.926264
vn -0.353157 0.851063 -0.388552
vn 0.000000 0.921126 0.389265
vn -0.000000 0.376127 0.926568
vn -0.000000 0.376162 -0.926554
vn 0.000000 0.921126 -0.389265
vn 0.353165 0.851063 0.388545
vn 0.144468 0.348045 0.926280
vn 0.144486 0.348077 -0.926265
vn 0.353165 0.851063 -0.388545
vn 0.627312 0.675725 0.387138
vn 0.257374 0.277173 0.925707
vn 0.257397 0.277199 -0.925693
vn 0.627308 0.675727 -0.387140
vn 0.802006 0.455839 0.386003
vn 0.329838 0.187437 0.925243
vn 0.329871 0.187454 -0.925228
vn 0.802003 0.455841 -0.386005
vn 0.893798 0.229376 0.385373
vn 0.368199 0.093979 0.924985
vn 0.368242 0.093988 -0.924967
vn 0.893795 0.229378 -0.385377
vn 0.916882 0.113473 0.382689
vn 0.379783 0.047004 0.923881
vn 0.963877 -0.266346 -0.000000
vn 0.963877 -0.266346 -0.000000
vn 0.493277 -0.869872 -0.000000
vn 0.493277 -0.869872 -0.000000
vn 0.379825 0.047008 -0.923863
vn 0.916878 0.113475 -0.382698
vn -0.379734 0.046997 -0.923901
vn -0.368154 0.093965 -0.925005
vn -0.916896 0.113477 -0.382654
vn -0.893810 0.229379 -0.385342
vn -0.916877 0.113483 0.382698
vn -0.893796 0.229383 0.385373
vn -0.379755 0.046999 0.923892
vn -0.368164 0.093970 0.925000
vn -0.802012 0.455832 0.385998
vn -0.329805 0.187420 0.925258
vn -0.329783 0.187412 -0.925268
vn -0.802014 0.455842 -0.385981
vn -0.627310 0.675723 0.387143
vn -0.257358 0.277148 0.925719
vn -0.257320 0.277137 -0.925733
vn -0.627311 0.675734 -0.387123
vn -0.353155 0.851063 0.388552
vn -0.144459 0.348014 0.926292
vn -0.144442 0.347999 -0.926301
vn -0.353164 0.851070 -0.388529
vn 0.000004 0.921122 0.389274
vn 0.000002 0.376099 0.926580
vn 0.000000 0.376081 -0.926587
vn 0.000004 0.921131 -0.389252
vn 0.353158 0.851057 0.388564
vn 0.144463 0.348020 0.926290
vn 0.144445 0.348005 -0.926298
vn 0.353173 0.851062 -0.388540
vn 0.627300 0.675728 0.387152
vn 0.257360 0.277150 0.925718
vn 0.257335 0.277138 -0.925729
vn 0.627323 0.675722 -0.387123
vn 0.802002 0.455841 0.386007
vn 0.329819 0.187421 0.925253
vn 0.329796 0.187413 -0.925263
vn 0.802019 0.455837 -0.385978
vn 0.893795 0.229378 0.385378
vn 0.368158 0.093971 0.925002
vn 0.368158 0.093966 -0.925003
vn 0.893807 0.229379 -0.385351
vn 0.916878 0.113475 0.382697
vn 0.379721 0.047000 0.923907
vn 0.963877 -0.266348 -0.000000
vn 0.963877 -0.266348 -0.000000
vn 0.493280 -0.869871 0.000000
vn 0.493280 -0.869871 0.000000
vn 0.379742 0.046997 -0.923898
vn 0.916889 0.113475 -0.382671
vn 0.000000 -0.000000 -1.000000
vn 0.000000 0.000000 -1.000000
vn 0.000000 0.000000 -1.000000
vn 0.000000 -0.000002 -1.000000
vn -0.000000 -0.000005 -1.000000
vn -0.000000 -0.000005 -1.000000
vn -0.000000 0.000000 -1.000000
vn -0.000000 0.000000 -1.000000
vn -0.000000 0.000000 -1.000000
vn -0.000000 0.000000 -1.000000
vn -0.000000 0.000001 -1.000000
vn -0.000000 0.000001 -1.000000
vn -0.000001 0.000001 -1.000000
vn -0.000001 0.000001 -1.000000
vn 0.000000 0.000001 -1.000000
vn 0.000000 0.000001 -1.000000
vn 0.000000 0.000000 -1.000000
vn 0.000000 0.000000 -1.000000
vn 0.000001 0.000000 -1.000000
vn 0.000001 0.000000 -1.000000
vn 0.000000 0.000000 -1.000000
vn 0.000000 0.000000 -1.000000
vn 0.000000 -0.000000 -1.000000
vn 0.000000 -0.000002 -1.000000
vn 0.998471 -0.055285 -0.000000
vn 0.990822 -0.135170 -0.000000
vn 0.990822 -0.135170 -0.000000
vn 0.998471 -0.055285 -0.000000
vn -0.000000 1.000000 0.000000
vn -0.000000 1.000000 -0.000000
vn -0.000000 1.000000 -0.000000
vn -0.000000 1.000000 0.000000
vn 0.969557 -0.244867 0.000000
vn 0.969557 -0.244867 0.000000
vn 0.902491 -0.430708 0.000000
vn 0.902491 -0.430708 0.000000
vn 0.824576 -0.565752 0.000000
vn 0.824576 -0.565752 0.000000
vn 0.412673 -0.910879 0.000000
vn 0.412673 -0.910879 0.000000
vn 0.412673 -0.910879 0.000000
vn 0.412673 -0.910879 0.000000
vn -0.412673 -0.910879 0.000000
vn -0.412673 -0.910879 0.000000
vn -0.412673 -0.910879 0.000000
vn -0.412673 -0.910879 0.000000
vn -0.824576 -0.565752 0.000000
vn -0.902491 -0.430708 0.000000
vn -0.902491 -0.430708 0.000000
vn -0.824576 -0.565752 0.000000
vn -0.969557 -0.244867 0.000000
vn -0.969557 -0.244867 0.000000
vn -0.990822 -0.135170 0.000000
vn -0.990822 -0.135170 0.000000
vn -0.998471 -0.055285 0.000000
vn -0.998471 -0.055285 0.000000
vn 0.000000 1.000000 0.000000
vn 0.000000 1.000000 0.000000
vn -0.961902 0.273396 0.000000
vn -0.961902 0.273396 0.000000
vn -0.961902 0.273396 0.000000
vn -0.961902 0.273396 0.000000
vn -0.000000 0.000000 -1.000000
vn -0.000000 0.000000 -1.000000
vn -0.000000 0.000000 -1.000000
vn 0.849725 0.527226 0.000000
vn 0.849725 0.527226 0.000000
vn 0.849725 0.527226 0.000000
vn 0.849725 0.527226 0.000000
vn -0.000000 0.000000 1.000000
vn -0.000000 0.000000 1.000000
vn -0.000000 0.000000 1.000000
vn 0.138757 -0.990327 0.000000
vn 0.138757 -0.990327 0.000000
vn 0.138757 -0.990327 0.000000
vn 0.138757 -0.990327 0.000000
vn 0.961902 0.273395 0.000000
vn 0.961902 0.273395 0.000000
vn 0.961902 0.273395 0.000000
vn 0.961902 0.273395 0.000000
vn 0.000000 0.000000 -1.000000
vn 0.000000 0.000000 -1.000000
vn 0.000000 0.000000 -1.000000
vn -0.849725 0.527226 0.000000
vn -0.849725 0.527226 0.000000
vn -0.849725 0.527226 0.000000
vn -0.849725 0.527226 0.000000
vn -0.000000 0.000000 1.000000
vn -0.000000 0.000000 1.000000
vn -0.000000 0.000000 1.000000
vn -0.138757 -0.990327 0.000000
vn -0.138757 -0.990327 0.000000
vn -0.138757 -0.990327 0.000000
vn -0.138757 -0.990327 0.000000
vn 0.000000 0.000000 -1.000000
vn 0.000000 0.000000 -1.000000
vn 0.000000 0.000000 -1.000000
vn 0.000000 0.000000 -1.000000
vn 0.000000 0.000000 -1.000000
vn 0.000000 0.000000 -1.000000
vn 0.000000 0.000000 1.000000
vn 0.000000 0.000000 1.000000
vn 0.000000 0.000000 1.000000
vn 0.000000 0.000000 1.000000
vn 0.000000 0.000000 1.000000
vn 0.000000 0.000000 1.000000
vn -0.000000 -0.000000 -1.000000
vn 0.000000 -0.000000 -1.000000
vn 0.000000 -0.000000 -1.000000
vn -0.000000 -0.000000 -1.000000
vn -0.000000 -0.000000 -1.000000
vn -0.000000 -0.000000 -1.000000
vn 0.000000 0.000000 1.000000
vn -0.000000 0.000000 1.000000
vn -0.000000 0.000000 1.000000
vn 0.000000 0.000000 1.000000
vn -0.000000 0.000000 1.000000
vn -0.000000 0.000000 1.000000
vn 0.961902 -0.273396 0.000000
vn 0.961902 -0.273396 0.000000
vn 0.961902 -0.273396 0.000000
vn 0.961902 -0.273396 0.000000
vn -0.849725 -0.527226 0.000000
vn -0.849725 -0.527226 0.000000
vn -0.849725 -0.527226 0.000000
vn -0.849725 -0.527226 0.000000
vn -0.138757 0.990326 0.000000
vn -0.138757 0.990326 0.000000
vn -0.138757 0.990326 0.000000
vn -0.138757 0.990326 0.000000
vn -0.138757 0.990326 0.000000
vn -0.138757 0.990326 0.000000
vn -0.138757 0.990326 0.000000
vn -0.138757 0.990326 0.000000
vn -0.849725 -0.527226 0.000000
vn -0.849725 -0.527226 0.000000
vn -0.849725 -0.527226 0.000000
vn -0.849725 -0.527226 0.000000
vn 0.961902 -0.273396 0.000000
vn 0.961902 -0.273396 0.000000
vn 0.961902 -0.273396 0.000000
vn 0.961902 -0.273396 0.000000
vn 0.138757 0.990327 0.000000
vn 0.138757 0.990327 0.000000
vn 0.138757 0.990327 0.000000
vn 0.138757 0.990327 0.000000
vn 0.849725 -0.527226 0.000000
vn 0.849725 -0.527226 0.000000
vn 0.849725 -0.527226 0.000000
vn 0.849725 -0.527226 0.000000
vn -0.961902 -0.273395 0.000000
vn -0.961902 -0.273395 0.000000
vn -0.961902 -0.273395 0.000000
vn -0.961902 -0.273395 0.000000
vn -0.961902 -0.273395 0.000000
vn -0.961902 -0.273395 0.000000
vn -0.961902 -0.273395 0.000000
vn -0.961902 -0.273395 0.000000
vn 0.849725 -0.527226 0.000000
vn 0.849725 -0.527226 0.000000
vn 0.849725 -0.527226 0.000000
vn 0.849725 -0.527226 0.000000
vn 0.138757 0.990327 0.000000
vn 0.138757 0.990327 0.000000
vn 0.138757 0.990327 0.000000
vn 0.138757 0.990327 0.000000
vn 0.951058 -0.309013 0.000000
vn 0.809016 -0.587787 0.000000
vn 0.809016 -0.587787 0.000000
vn 0.951058 -0.309013 0.000000
vn 0.587784 -0.809018 0.000000
vn 0.587784 -0.809018 0.000000
vn 0.309017 -0.951057 0.000000
vn 0.309017 -0.951057 0.000000
vn 0.000000 -1.000000 0.000000
vn 0.000000 -1.000000 0.000000
vn -0.309018 -0.951056 0.000000
vn -0.309018 -0.951056 0.000000
vn -0.587786 -0.809016 0.000000
vn -0.587786 -0.809016 0.000000
vn -0.809016 -0.587787 0.000000
vn -0.809016 -0.587787 0.000000
vn -0.951058 -0.309013 0.000000
vn -0.951058 -0.309013 0.000000
vn -1.000000 0.000000 0.000000
vn -1.000000 0.000000 0.000000
vn -0.951058 0.309013 0.000000
vn -0.951058 0.309013 0.000000
vn -0.809016 0.587787 0.000000
vn -0.809016 0.587787 0.000000
vn -0.587786 0.809016 0.000000
vn -0.587786 0.809016 0.000000
vn -0.309018 0.951056 0.000000
vn -0.309018 0.951056 0.000000
vn 0.000000 1.000000 0.000000
vn 0.000000 1.000000 0.000000
vn 0.309017 0.951057 0.000000
vn 0.309017 0.951057 0.000000
vn 0.587789 0.809015 0.000000
vn 0.587789 0.809015 0.000000
vn 0.809017 0.587786 0.000000
vn 0.809017 0.587786 0.000000
vn 0.951057 0.309015 0.000000
vn 0.951057 0.309015 0.000000
vn 1.000000 0.000000 0.000000
vn 1.000000 0.000000 0.000000
vn -0.000118 0.000000 1.000000
vn -0.000118 0.000000 1.000000
vn -0.000012 0.000000 1.000000
vn 0.000000 0.000000 1.000000
vn 0.000118 0.000000 1.000000
vn 0.000000 0.000000 1.000000
vn -0.000118 0.000000 1.000000
vn -0.000118 0.000000 1.000000
vn -0.000059 0.000000 1.000000
vn 0.000059 0.000000 1.000000
vn 0.000000 0.000000 1.000000
vn 0.000118 0.000000 1.000000
vn 0.000118 0.000000 1.000000
vn 0.000000 0.000000 1.000000
vn -0.000118 0.000000 1.000000
vn 0.000000 0.000000 1.000000
vn 0.000118 0.000000 1.000000
vn 0.000000 0.000000 1.000000
vn -0.000059 0.000000 1.000000
vn -0.000059 0.000000 1.000000
vn 0.000000 0.000000 1.000000
vn -0.000059 0.000000 -1.000000
vn 0.000059 0.000000 -1.000000
vn 0.000000 0.000000 -1.000000
vn 0.000118 0.000000 -1.000000
vn 0.000000 0.000000 -1.000000
vn 0.000000 0.000000 -1.000000
vn 0.000000 0.000000 -1.000000
vn -0.000118 0.000000 -1.000000
vn 0.000000 0.000000 -1.000000
vn 0.000118 0.000000 -1.000000
vn 0.000000 0.000000 -1.000000
vn 0.000059 0.000000 -1.000000
vn -0.000059 0.000000 -1.000000
vn -0.000118 0.000000 -1.000000
vn 0.000000 0.000000 -1.000000
vn 0.000000 0.000000 -1.000000
vn 0.000000 0.000000 -1.000000
vn 0.000000 0.000000 -1.000000
vn 0.000000 0.000000 -1.000000
vn 0.000000 0.000000 -1.000000
vn 0.000000 0.000000 -1.000000
vn 0.190532 -0.979727 -0.061909
vn 0.162100 -0.979721 -0.117770
vn 0.269860 -0.942726 -0.196070
vn 0.317253 -0.942722 -0.103079
vn 0.117773 -0.979723 -0.162088
vn 0.196064 -0.942721 -0.269883
vn 0.061944 -0.979722 -0.190548
vn 0.103090 -0.942721 -0.317254
vn -0.000000 -0.979724 -0.200352
vn -0.000000 -0.942718 -0.333591
vn -0.061944 -0.979721 -0.190550
vn -0.103090 -0.942722 -0.317251
vn -0.117773 -0.979722 -0.162094
vn -0.196065 -0.942721 -0.269881
vn -0.162100 -0.979721 -0.117777
vn -0.269860 -0.942725 -0.196075
vn -0.190533 -0.979727 -0.061910
vn -0.317253 -0.942722 -0.103084
vn -0.200334 -0.979728 -0.000000
vn -0.333599 -0.942715 -0.000000
vn -0.190545 -0.979724 0.061909
vn -0.317241 -0.942726 0.103079
vn -0.162101 -0.979721 0.117771
vn -0.269881 -0.942720 0.196070
vn -0.117774 -0.979723 0.162089
vn -0.196065 -0.942720 0.269884
vn -0.061923 -0.979723 0.190550
vn -0.103081 -0.942722 0.317254
vn 0.000000 -0.979724 0.200353
vn 0.000000 -0.942718 0.333590
vn 0.061923 -0.979723 0.190550
vn 0.103081 -0.942723 0.317250
vn 0.117773 -0.979722 0.162094
vn 0.196064 -0.942722 0.269880
vn 0.162100 -0.979721 0.117777
vn 0.269881 -0.942719 0.196074
vn 0.190544 -0.979725 0.061908
vn 0.317241 -0.942726 0.103080
vn 0.200334 -0.979728 -0.000002
vn 0.333599 -0.942715 -0.000005
vn 0.380855 -0.882259 -0.276709
vn 0.447727 -0.882257 -0.145474
vn 0.276682 -0.882272 -0.380846
vn 0.145450 -0.882268 -0.447713
vn 0.000000 -0.882267 -0.470750
vn -0.145450 -0.882270 -0.447710
vn -0.276683 -0.882273 -0.380843
vn -0.380856 -0.882259 -0.276710
vn -0.447729 -0.882256 -0.145476
vn -0.470770 -0.882256 -0.000000
vn -0.447706 -0.882268 0.145474
vn -0.380867 -0.882255 0.276707
vn -0.276697 -0.882268 0.380845
vn -0.145449 -0.882269 0.447712
vn -0.000000 -0.882267 0.470749
vn 0.145450 -0.882270 0.447710
vn 0.276697 -0.882270 0.380840
vn 0.380867 -0.882255 0.276709
vn 0.447706 -0.882267 0.145478
vn 0.470769 -0.882257 -0.000000
vn 0.485136 -0.800257 -0.352466
vn 0.570319 -0.800249 -0.185304
vn 0.352483 -0.800250 -0.485134
vn 0.185302 -0.800249 -0.570320
vn -0.000000 -0.800246 -0.599672
vn -0.185303 -0.800250 -0.570319
vn -0.352482 -0.800251 -0.485134
vn -0.485136 -0.800257 -0.352466
vn -0.570318 -0.800250 -0.185304
vn -0.599678 -0.800241 -0.000000
vn -0.570311 -0.800255 0.185304
vn -0.485118 -0.800267 0.352467
vn -0.352471 -0.800254 0.485136
vn -0.185302 -0.800249 0.570320
vn 0.000000 -0.800246 0.599671
vn 0.185303 -0.800249 0.570320
vn 0.352470 -0.800254 0.485137
vn 0.485118 -0.800266 0.352470
vn 0.570312 -0.800254 0.185305
vn 0.599679 -0.800241 0.000001
vn 0.578699 -0.698803 -0.420454
vn 0.680307 -0.698801 -0.221042
vn 0.420453 -0.698789 -0.578717
vn 0.221047 -0.698790 -0.680317
vn -0.000000 -0.698803 -0.715314
vn -0.221048 -0.698791 -0.680316
vn -0.420453 -0.698788 -0.578718
vn -0.578699 -0.698801 -0.420457
vn -0.680306 -0.698801 -0.221045
vn -0.715336 -0.698780 -0.000001
vn -0.680306 -0.698802 0.221043
vn -0.578689 -0.698809 0.420458
vn -0.420439 -0.698794 0.578721
vn -0.221047 -0.698790 0.680317
vn 0.000000 -0.698803 0.715314
vn 0.221047 -0.698790 0.680317
vn 0.420438 -0.698793 0.578723
vn 0.578689 -0.698808 0.420460
vn 0.680308 -0.698799 0.221044
vn 0.715340 -0.698777 0.000002
vn 0.658816 -0.580390 -0.478654
vn 0.774473 -0.580402 -0.251646
vn 0.478648 -0.580400 -0.658811
vn 0.251621 -0.580414 -0.774472
vn -0.000000 -0.580412 -0.814323
vn -0.251621 -0.580414 -0.774472
vn -0.478647 -0.580400 -0.658812
vn -0.658815 -0.580388 -0.478657
vn -0.774473 -0.580399 -0.251652
vn -0.814337 -0.580392 -0.000002
vn -0.774473 -0.580401 0.251648
vn -0.658816 -0.580390 0.478653
vn -0.478635 -0.580406 0.658815
vn -0.251621 -0.580413 0.774473
vn 0.000000 -0.580412 0.814323
vn 0.251622 -0.580414 0.774472
vn 0.478634 -0.580405 0.658817
vn 0.658816 -0.580388 0.478656
vn 0.774474 -0.580399 0.251649
vn 0.814337 -0.580393 0.000002
vn 0.723303 -0.447975 -0.525501
vn 0.850292 -0.447974 -0.276267
vn 0.525505 -0.447977 -0.723299
vn 0.276254 -0.447972 -0.850297
vn -0.000000 -0.447967 -0.894050
vn -0.276254 -0.447973 -0.850297
vn -0.525505 -0.447977 -0.723299
vn -0.723303 -0.447977 -0.525499
vn -0.850292 -0.447973 -0.276269
vn -0.894047 -0.447972 -0.000001
vn -0.850288 -0.447979 0.276271
vn -0.723302 -0.447978 0.525500
vn -0.525495 -0.447980 0.723305
vn -0.276254 -0.447972 0.850297
vn 0.000000 -0.447967 0.894050
vn 0.276255 -0.447972 0.850297
vn 0.525496 -0.447980 0.723304
vn 0.723302 -0.447977 0.525501
vn 0.850287 -0.447981 0.276272
vn 0.894045 -0.447978 0.000001
vn 0.770531 -0.304781 -0.559814
vn 0.905809 -0.304787 -0.294306
vn 0.559823 -0.304774 -0.770526
vn 0.294312 -0.304780 -0.905809
vn -0.000000 -0.304786 -0.952421
vn -0.294311 -0.304781 -0.905809
vn -0.559824 -0.304774 -0.770525
vn -0.770532 -0.304780 -0.559812
vn -0.905808 -0.304787 -0.294307
vn -0.952421 -0.304785 -0.000000
vn -0.905808 -0.304787 0.294307
vn -0.770530 -0.304781 0.559814
vn -0.559823 -0.304775 0.770526
vn -0.294312 -0.304782 0.905808
vn 0.000000 -0.304787 0.952421
vn 0.294313 -0.304781 0.905808
vn 0.559825 -0.304775 0.770524
vn 0.770531 -0.304782 0.559812
vn 0.905808 -0.304787 0.294307
vn 0.952421 -0.304785 0.000001
vn 0.799336 -0.154264 -0.580745
vn 0.939673 -0.154260 -0.305317
vn 0.580752 -0.154268 -0.799330
vn 0.305305 -0.154266 -0.939676
vn -0.000000 -0.154257 -0.988031
vn -0.305304 -0.154265 -0.939676
vn -0.580753 -0.154267 -0.799329
vn -0.799337 -0.154263 -0.580744
vn -0.939672 -0.154261 -0.305318
vn -0.988031 -0.154255 -0.000000
vn -0.939673 -0.154262 0.305318
vn -0.799337 -0.154264 0.580743
vn -0.580755 -0.154268 0.799328
vn -0.305304 -0.154264 0.939676
vn 0.000000 -0.154256 0.988031
vn 0.305305 -0.154265 0.939676
vn 0.580756 -0.154269 0.799327
vn 0.799337 -0.154266 0.580743
vn 0.939672 -0.154262 0.305318
vn 0.988032 -0.154251 0.000001
vn 0.809010 -0.000000 -0.587795
vn 0.951055 -0.000000 -0.309021
vn 0.587771 -0.000000 -0.809027
vn 0.308995 -0.000000 -0.951064
vn -0.000000 0.000000 -1.000000
vn -0.308994 0.000000 -0.951064
vn -0.587772 0.000000 -0.809027
vn -0.809012 -0.000000 -0.587792
vn -0.951056 0.000000 -0.309020
vn -1.000000 -0.000000 0.000000
vn -0.951053 -0.000000 0.309028
vn -0.809011 -0.000000 0.587793
vn -0.587772 -0.000000 0.809027
vn -0.308995 -0.000000 0.951064
vn -0.000000 0.000000 1.000000
vn 0.308994 0.000000 0.951064
vn 0.587773 0.000000 0.809026
vn 0.809012 -0.000000 0.587793
vn 0.951053 0.000000 0.309029
vn 1.000000 0.000000 0.000001
vn 0.799337 0.154264 -0.580744
vn 0.939673 0.154260 -0.305318
vn 0.580754 0.154268 -0.799328
vn 0.305304 0.154265 -0.939676
vn 0.000000 0.154256 -0.988031
vn -0.305303 0.154265 -0.939677
vn -0.580754 0.154268 -0.799329
vn -0.799338 0.154263 -0.580743
vn -0.939673 0.154261 -0.305318
vn -0.988031 0.154255 0.000000
vn -0.939673 0.154262 0.305317
vn -0.799337 0.154264 0.580744
vn -0.580754 0.154267 0.799329
vn -0.305305 0.154264 0.939676
vn 0.000000 0.154257 0.988031
vn 0.305305 0.154264 0.939676
vn 0.580755 0.154269 0.799328
vn 0.799337 0.154266 0.580743
vn 0.939672 0.154261 0.305319
vn 0.988032 0.154251 0.000001
vn 0.770532 0.304781 -0.559812
vn 0.905809 0.304787 -0.294304
vn 0.559823 0.304774 -0.770526
vn 0.294312 0.304780 -0.905809
vn -0.000000 0.304786 -0.952421
vn -0.294312 0.304781 -0.905808
vn -0.559822 0.304773 -0.770527
vn -0.770530 0.304780 -0.559815
vn -0.905808 0.304787 -0.294307
vn -0.952421 0.304785 0.000000
vn -0.905809 0.304787 0.294306
vn -0.770531 0.304781 0.559813
vn -0.559824 0.304774 0.770526
vn -0.294312 0.304781 0.905808
vn 0.000000 0.304786 0.952421
vn 0.294313 0.304782 0.905808
vn 0.559824 0.304775 0.770526
vn 0.770530 0.304781 0.559814
vn 0.905809 0.304787 0.294306
vn 0.952421 0.304785 0.000001
vn 0.723303 0.447975 -0.525501
vn 0.850291 0.447974 -0.276268
vn 0.525504 0.447975 -0.723300
vn 0.276253 0.447970 -0.850298
vn -0.000000 0.447967 -0.894050
vn -0.276254 0.447972 -0.850297
vn -0.525503 0.447976 -0.723301
vn -0.723301 0.447977 -0.525502
vn -0.850291 0.447973 -0.276270
vn -0.894048 0.447971 -0.000001
vn -0.850288 0.447978 0.276272
vn -0.723301 0.447977 0.525502
vn -0.525493 0.447978 0.723307
vn -0.276254 0.447970 0.850298
vn 0.000000 0.447967 0.894050
vn 0.276255 0.447972 0.850297
vn 0.525493 0.447979 0.723306
vn 0.723301 0.447977 0.525502
vn 0.850287 0.447981 0.276272
vn 0.894045 0.447978 0.000001
vn 0.658816 0.580390 -0.478654
vn 0.774472 0.580402 -0.251650
vn 0.478649 0.580401 -0.658809
vn 0.251621 0.580413 -0.774472
vn -0.000000 0.580412 -0.814323
vn -0.251622 0.580415 -0.774471
vn -0.478649 0.580402 -0.658808
vn -0.658817 0.580390 -0.478652
vn -0.774474 0.580400 -0.251647
vn -0.814337 0.580392 -0.000002
vn -0.774474 0.580400 0.251645
vn -0.658816 0.580390 0.478654
vn -0.478634 0.580404 0.658818
vn -0.251620 0.580412 0.774474
vn 0.000000 0.580413 0.814322
vn 0.251622 0.580414 0.774472
vn 0.478634 0.580405 0.658817
vn 0.658817 0.580388 0.478654
vn 0.774474 0.580399 0.251648
vn 0.814337 0.580393 -0.000001
vn 0.578699 0.698804 -0.420453
vn 0.680307 0.698801 -0.221043
vn 0.420454 0.698790 -0.578715
vn 0.221048 0.698792 -0.680315
vn -0.000000 0.698803 -0.715314
vn -0.221048 0.698792 -0.680314
vn -0.420455 0.698790 -0.578715
vn -0.578700 0.698802 -0.420453
vn -0.680307 0.698802 -0.221039
vn -0.715337 0.698780 -0.000001
vn -0.680307 0.698802 0.221039
vn -0.578689 0.698809 0.420458
vn -0.420440 0.698795 0.578719
vn -0.221048 0.698792 0.680315
vn -0.000000 0.698804 0.715313
vn 0.221048 0.698793 0.680313
vn 0.420440 0.698795 0.578719
vn 0.578690 0.698809 0.420458
vn 0.680309 0.698800 0.221040
vn 0.715340 0.698777 -0.000002
vn 0.485136 0.800257 -0.352464
vn 0.570319 0.800250 -0.185303
vn 0.352483 0.800251 -0.485133
vn 0.185302 0.800250 -0.570319
vn -0.000000 0.800246 -0.599672
vn -0.185303 0.800250 -0.570319
vn -0.352482 0.800250 -0.485135
vn -0.485135 0.800258 -0.352465
vn -0.570318 0.800251 -0.185302
vn -0.599679 0.800241 0.000000
vn -0.570312 0.800254 0.185303
vn -0.485118 0.800267 0.352468
vn -0.352471 0.800255 0.485136
vn -0.185302 0.800250 0.570318
vn 0.000000 0.800246 0.599671
vn 0.185303 0.800250 0.570318
vn 0.352471 0.800255 0.485136
vn 0.485118 0.800266 0.352470
vn 0.570312 0.800254 0.185303
vn 0.599679 0.800241 -0.000001
vn 0.380856 0.882260 -0.276705
vn 0.447727 0.882258 -0.145470
vn 0.276682 0.882271 -0.380847
vn 0.145450 0.882268 -0.447713
vn 0.000000 0.882268 -0.470747
vn -0.145450 0.882268 -0.447713
vn -0.276682 0.882271 -0.380848
vn -0.380856 0.882260 -0.276707
vn -0.447729 0.882257 -0.145471
vn -0.470770 0.882256 0.000000
vn -0.447707 0.882268 0.145473
vn -0.380867 0.882256 0.276704
vn -0.276697 0.882268 0.380845
vn -0.145450 0.882268 0.447713
vn -0.000000 0.882268 0.470747
vn 0.145450 0.882269 0.447712
vn 0.276697 0.882267 0.380847
vn 0.380868 0.882255 0.276706
vn 0.447707 0.882268 0.145473
vn 0.470769 0.882257 -0.000000
vn 0.269860 0.942726 -0.196069
vn 0.317253 0.942722 -0.103083
vn 0.196064 0.942721 -0.269882
vn 0.103090 0.942720 -0.317256
vn 0.000000 0.942719 -0.333587
vn -0.103090 0.942721 -0.317254
vn -0.196065 0.942721 -0.269882
vn -0.269861 0.942725 -0.196071
vn -0.317254 0.942722 -0.103084
vn -0.333599 0.942715 -0.000000
vn -0.317241 0.942726 0.103084
vn -0.269881 0.942720 0.196068
vn -0.196064 0.942721 0.269882
vn -0.103081 0.942721 0.317256
vn -0.000000 0.942719 0.333588
vn 0.103081 0.942722 0.317255
vn 0.196064 0.942721 0.269882
vn 0.269881 0.942720 0.196069
vn 0.317241 0.942726 0.103084
vn 0.333599 0.942715 -0.000000
vn 0.162100 0.979721 -0.117768
vn 0.190532 0.979726 -0.061924
vn 0.117774 0.979725 -0.162078
vn 0.061944 0.979721 -0.190550
vn 0.000000 0.979723 -0.200358
vn -0.061944 0.979721 -0.190553
vn -0.117774 0.979725 -0.162076
vn -0.162101 0.979722 -0.117763
vn -0.190533 0.979726 -0.061924
vn -0.200334 0.979728 0.000000
vn -0.190545 0.979724 0.061924
vn -0.162100 0.979722 0.117768
vn -0.117773 0.979725 0.162077
vn -0.061923 0.979723 0.190550
vn 0.000000 0.979723 0.200358
vn 0.061922 0.979722 0.190554
vn 0.117773 0.979725 0.162076
vn 0.162101 0.979722 0.117763
vn 0.190544 0.979724 0.061924
vn 0.200334 0.979728 0.000000
vn 0.000000 -1.000000 0.000004
vn 0.000000 1.000000 0.000000
vn 0.581228 0.148952 -0.799992
vn 0.581228 0.148952 -0.799992
vn 0.581228 0.148952 -0.799992
vn 0.581228 0.148952 -0.799992
vn -0.000000 0.148952 -0.988844
vn -0.000000 0.148952 -0.988844
vn -0.000000 0.148952 -0.988844
vn -0.000000 0.148952 -0.988844
vn -0.581228 0.148952 -0.799992
vn -0.581228 0.148952 -0.799992
vn -0.581228 0.148952 -0.799992
vn -0.581228 0.148952 -0.799992
vn -0.940447 0.148952 -0.305570
vn -0.940447 0.148952 -0.305570
vn -0.940447 0.148952 -0.305570
vn -0.940447 0.148952 -0.305570
vn -0.940447 0.148952 0.305570
vn -0.940447 0.148952 0.305570
vn -0.940447 0.148952 0.305570
vn -0.940447 0.148952 0.305570
vn -0.581228 0.148952 0.799992
vn -0.581228 0.148952 0.799992
vn -0.581228 0.148952 0.799992
vn -0.581228 0.148952 0.799992
vn 0.000000 0.148952 0.988844
vn 0.000000 0.148952 0.988844
vn 0.000000 0.148952 0.988844
vn 0.000000 0.148952 0.988844
vn 0.581228 0.148952 0.799992
vn 0.581228 0.148952 0.799992
vn 0.581228 0.148952 0.799992
vn 0.581228 0.148952 0.799992
vn 0.940447 0.148952 0.305570
vn 0.940447 0.148952 0.305570
vn 0.940447 0.148952 0.305570
vn 0.940447 0.148952 0.305570
vn 0.940447 0.148952 -0.305570
vn 0.940447 0.148952 -0.305570
vn 0.940447 0.148952 -0.305570
vn 0.940447 0.148952 -0.305570
vn 0.528952 0.436084 -0.728039
vn 0.528952 0.436083 -0.728039
vn 0.528952 0.436084 -0.728039
vn 0.528952 0.436084 -0.728039
vn 0.000000 0.436083 -0.899906
vn 0.000000 0.436084 -0.899906
vn 0.000000 0.436084 -0.899906
vn 0.000000 0.436083 -0.899906
vn -0.528952 0.436083 -0.728039
vn -0.528952 0.436083 -0.728039
vn -0.528952 0.436083 -0.728039
vn -0.528952 0.436083 -0.728039
vn -0.855862 0.436084 -0.278086
vn -0.855862 0.436084 -0.278086
vn -0.855862 0.436084 -0.278086
vn -0.855862 0.436084 -0.278086
vn -0.855862 0.436083 0.278086
vn -0.855862 0.436083 0.278087
vn -0.855862 0.436083 0.278087
vn -0.855862 0.436083 0.278086
vn -0.528951 0.436083 0.728040
vn -0.528951 0.436083 0.728040
vn -0.528951 0.436083 0.728040
vn -0.528951 0.436083 0.728040
vn 0.000000 0.436083 0.899906
vn 0.000000 0.436084 0.899906
vn 0.000000 0.436084 0.899906
vn 0.000000 0.436083 0.899906
vn 0.528952 0.436083 0.728040
vn 0.528952 0.436083 0.728040
vn 0.528952 0.436083 0.728040
vn 0.528952 0.436083 0.728040
vn 0.855862 0.436083 0.278086
vn 0.855862 0.436083 0.278086
vn 0.855862 0.436083 0.278086
vn 0.855862 0.436083 0.278086
vn 0.855862 0.436084 -0.278086
vn 0.855862 0.436084 -0.278086
vn 0.855862 0.436084 -0.278086
vn 0.855862 0.436084 -0.278086
vn 0.425919 0.689152 -0.586228
vn 0.425919 0.689152 -0.586228
vn 0.425919 0.689152 -0.586228
vn 0.425919 0.689152 -0.586228
vn -0.000000 0.689152 -0.724617
vn -0.000000 0.689152 -0.724617
vn -0.000000 0.689152 -0.724617
vn -0.000000 0.689152 -0.724617
vn -0.425919 0.689152 -0.586227
vn -0.425919 0.689152 -0.586227
vn -0.425919 0.689152 -0.586227
vn -0.425919 0.689152 -0.586227
vn -0.689152 0.689152 -0.223919
vn -0.689152 0.689152 -0.223919
vn -0.689152 0.689152 -0.223919
vn -0.689152 0.689152 -0.223919
vn -0.689152 0.689152 0.223919
vn -0.689152 0.689152 0.223919
vn -0.689152 0.689152 0.223919
vn -0.689152 0.689152 0.223919
vn -0.425919 0.689152 0.586228
vn -0.425919 0.689152 0.586228
vn -0.425919 0.689152 0.586228
vn -0.425919 0.689152 0.586228
vn 0.000000 0.689152 0.724617
vn 0.000000 0.689152 0.724617
vn 0.000000 0.689152 0.724617
vn 0.000000 0.689152 0.724617
vn 0.425919 0.689152 0.586227
vn 0.425919 0.689152 0.586227
vn 0.425919 0.689152 0.586227
vn 0.425919 0.689152 0.586227
vn 0.689152 0.689152 0.223919
vn 0.689152 0.689152 0.223919
vn 0.689152 0.689152 0.223919
vn 0.689152 0.689152 0.223919
vn 0.689152 0.689152 -0.223919
vn 0.689152 0.689152 -0.223919
vn 0.689152 0.689152 -0.223919
vn 0.689152 0.689152 -0.223919
vn 0.277578 0.881468 -0.382053
vn 0.277578 0.881468 -0.382053
vn 0.277578 0.881468 -0.382053
vn 0.277578 0.881468 -0.382053
vn -0.000000 0.881468 -0.472244
vn -0.000000 0.881468 -0.472244
vn -0.000000 0.881468 -0.472244
vn -0.000000 0.881468 -0.472244
vn -0.277578 0.881468 -0.382053
vn -0.277578 0.881468 -0.382053
vn -0.277578 0.881468 -0.382053
vn -0.277578 0.881468 -0.382053
vn -0.449130 0.881468 -0.145931
vn -0.449130 0.881468 -0.145931
vn -0.449130 0.881468 -0.145931
vn -0.449130 0.881468 -0.145931
vn -0.449130 0.881468 0.145931
vn -0.449130 0.881468 0.145931
vn -0.449130 0.881468 0.145931
vn -0.449130 0.881468 0.145931
vn -0.277578 0.881468 0.382053
vn -0.277578 0.881468 0.382053
vn -0.277578 0.881468 0.382053
vn -0.277578 0.881468 0.382053
vn 0.000000 0.881468 0.472244
vn 0.000000 0.881468 0.472244
vn 0.000000 0.881468 0.472244
vn 0.000000 0.881468 0.472244
vn 0.277578 0.881468 0.382053
vn 0.277578 0.881468 0.382053
vn 0.277578 0.881468 0.382053
vn 0.277578 0.881468 0.382053
vn 0.449130 0.881468 0.145931
vn 0.449130 0.881468 0.145931
vn 0.449130 0.881468 0.145931
vn 0.449130 0.881468 0.145931
vn 0.449130 0.881468 -0.145931
vn 0.449130 0.881468 -0.145931
vn 0.449131 0.881468 -0.145931
vn 0.449130 0.881468 -0.145931
vn 0.096557 0.986415 -0.132900
vn 0.096557 0.986415 -0.132900
vn 0.096557 0.986415 -0.132900
vn -0.000000 0.986415 -0.164273
vn -0.000000 0.986415 -0.164273
vn -0.000000 0.986415 -0.164273
vn -0.096557 0.986415 -0.132899
vn -0.096557 0.986415 -0.132899
vn -0.096557 0.986415 -0.132899
vn -0.156233 0.986415 -0.050764
vn -0.156233 0.986415 -0.050764
vn -0.156233 0.986415 -0.050764
vn -0.156233 0.986415 0.050763
vn -0.156233 0.986415 0.050763
vn -0.156233 0.986415 0.050763
vn -0.096557 0.986415 0.132899
vn -0.096557 0.986415 0.132899
vn -0.096557 0.986415 0.132899
vn 0.000000 0.986415 0.164272
vn 0.000000 0.986415 0.164272
vn 0.000000 0.986415 0.164272
vn 0.096557 0.986415 0.132900
vn 0.096557 0.986415 0.132900
vn 0.096557 0.986415 0.132900
vn 0.156233 0.986415 0.050763
vn 0.156233 0.986415 0.050763
vn 0.156233 0.986415 0.050763
vn 0.156233 0.986415 -0.050763
vn 0.156233 0.986415 -0.050763
vn 0.156233 0.986415 -0.050763
vn 0.621811 0.354289 -0.698448
vn 0.531916 0.425648 -0.732045
vn 0.531080 0.428127 -0.731205
vn 0.586468 0.524722 -0.617027
vn -0.310827 0.153029 -0.938067
vn -0.542155 0.028310 -0.839801
vn -0.545572 0.026259 -0.837653
vn -0.310827 0.153029 -0.938067
vn 0.632940 0.031919 0.773542
vn 0.797233 0.156391 0.583062
vn 0.797233 0.156391 0.583062
vn 0.630078 0.030021 0.775951
vn 0.860099 0.425964 -0.280685
vn 0.856377 0.353850 -0.376044
vn 0.767076 0.525145 -0.368535
vn 0.858870 0.428476 -0.280626
vn 0.403952 -0.905094 -0.132773
vn 0.635153 -0.743921 -0.207758
vn 0.635152 -0.743921 -0.207758
vn 0.403219 -0.905455 -0.132536
vn 0.940458 0.164612 -0.297392
vn 0.881047 0.248622 -0.402422
vn 0.949213 0.248078 -0.193524
vn 0.934353 0.164285 -0.316219
vn 0.092519 0.354288 -0.930548
vn 0.000055 0.425649 -0.904888
vn -0.000126 0.428127 -0.903719
vn 0.111784 0.524721 -0.843903
vn -0.802857 0.153028 -0.576197
vn -0.932237 0.028311 -0.360739
vn -0.933738 0.026260 -0.356993
vn -0.802857 0.153028 -0.576197
vn -0.472114 0.354290 -0.807209
vn -0.531844 0.425657 -0.732092
vn -0.531303 0.428136 -0.731038
vn -0.405600 0.524722 -0.748435
vn -0.988204 0.153035 0.005734
vn -0.966233 0.028312 0.256109
vn -0.965246 0.026261 0.260022
vn -0.988204 0.153035 0.005734
vn -0.856414 0.354290 -0.375545
vn -0.860589 0.425643 -0.279670
vn -0.859534 0.428118 -0.279135
vn -0.768057 0.524721 -0.367092
vn -0.796103 0.153037 0.585491
vn -0.631165 0.028313 0.775132
vn -0.628065 0.026262 0.777717
vn -0.796103 0.153037 0.585491
vn -0.913594 0.354287 0.199565
vn -0.860616 0.425640 0.279590
vn -0.859448 0.428116 0.279403
vn -0.837143 0.524721 0.154469
vn -0.299918 0.153030 0.941611
vn -0.055010 0.028311 0.998084
vn -0.050984 0.026261 0.998354
vn -0.299918 0.153030 0.941611
vn -0.621811 0.354289 0.698449
vn -0.531914 0.425643 0.732049
vn -0.531076 0.428128 0.731208
vn -0.586467 0.524721 0.617029
vn 0.310817 0.153029 0.938070
vn 0.542153 0.028310 0.839803
vn 0.545569 0.026260 0.837654
vn 0.310817 0.153029 0.938070
vn -0.092519 0.354290 0.930548
vn -0.000048 0.425653 0.904887
vn 0.000134 0.428126 0.903719
vn -0.111783 0.524720 0.843904
vn 0.802851 0.153031 0.576204
vn 0.932236 0.028312 0.360743
vn 0.933737 0.026261 0.356996
vn 0.802851 0.153031 0.576204
vn 0.472113 0.354289 0.807210
vn 0.531839 0.425659 0.732094
vn 0.531302 0.428135 0.731040
vn 0.405599 0.524722 0.748436
vn 0.988205 0.153029 -0.005732
vn 0.966234 0.028311 -0.256106
vn 0.965246 0.026260 -0.260019
vn 0.988205 0.153029 -0.005732
vn 0.856414 0.354290 0.375544
vn 0.860589 0.425641 0.279672
vn 0.859532 0.428123 0.279134
vn 0.768057 0.524721 0.367091
vn 0.796105 0.153032 -0.585490
vn 0.631164 0.028313 -0.775132
vn 0.628065 0.026262 -0.777717
vn 0.796105 0.153032 -0.585490
vn 0.520223 0.626538 -0.580361
vn 0.408445 0.695198 -0.591500
vn 0.426962 0.654889 -0.623557
vn 0.467358 0.753234 -0.462833
vn -0.348828 0.249362 -0.903403
vn -0.540263 0.057017 -0.839563
vn -0.544752 0.051875 -0.836992
vn -0.348828 0.249362 -0.903403
vn 0.631773 0.058796 0.772920
vn 0.751348 0.250920 0.610340
vn 0.751348 0.250920 0.610340
vn 0.628038 0.053777 0.776322
vn 0.688723 0.695277 -0.205549
vn 0.712800 0.626288 -0.315719
vn 0.583927 0.753425 -0.302291
vn 0.724839 0.655005 -0.213487
vn 0.079741 0.626538 -0.775301
vn -0.017232 0.695203 -0.718607
vn -0.021101 0.654878 -0.755440
vn 0.106054 0.753233 -0.649148
vn -0.813215 0.249367 -0.525830
vn -0.930564 0.057018 -0.361661
vn -0.932685 0.051876 -0.356943
vn -0.813215 0.249367 -0.525830
vn -0.391199 0.626538 -0.674103
vn -0.436333 0.695200 -0.571236
vn -0.461102 0.654887 -0.598756
vn -0.295759 0.753234 -0.587507
vn -0.966981 0.249365 0.052583
vn -0.965422 0.057018 0.254382
vn -0.964363 0.051875 0.259446
vn -0.966981 0.249365 0.052583
vn -0.712714 0.626538 -0.315420
vn -0.688758 0.695207 -0.205669
vn -0.724980 0.654888 -0.213366
vn -0.584603 0.753234 -0.301460
vn -0.751398 0.249367 0.610915
vn -0.631523 0.057020 0.773258
vn -0.627690 0.051879 0.776733
vn -0.751398 0.249367 0.610915
vn -0.761996 0.626538 0.163743
vn -0.678113 0.695202 0.238447
vn -0.711939 0.654889 0.253502
vn -0.650148 0.753233 0.099735
vn -0.248803 0.249366 0.935902
vn -0.056400 0.057018 0.996779
vn -0.051257 0.051876 0.997337
vn -0.248803 0.249366 0.935902
vn -0.520222 0.626537 0.580362
vn -0.408447 0.695204 0.591491
vn -0.426962 0.654886 0.623561
vn -0.467358 0.753233 0.462835
vn 0.348824 0.249360 0.903406
vn 0.540262 0.057015 0.839563
vn 0.544751 0.051874 0.836992
vn 0.348824 0.249360 0.903405
vn -0.079742 0.626537 0.775302
vn 0.017232 0.695203 0.718607
vn 0.021101 0.654883 0.755435
vn -0.106054 0.753234 0.649147
vn 0.813218 0.249360 0.525829
vn 0.930565 0.057017 0.361661
vn 0.932685 0.051875 0.356943
vn 0.813218 0.249360 0.525829
vn 0.391199 0.626538 0.674102
vn 0.436332 0.695200 0.571237
vn 0.461107 0.654885 0.598753
vn 0.295761 0.753234 0.587507
vn 0.966981 0.249365 -0.052582
vn 0.965421 0.057017 -0.254382
vn 0.964364 0.051876 -0.259446
vn 0.966981 0.249365 -0.052582
vn 0.712714 0.626537 0.315421
vn 0.688763 0.695201 0.205673
vn 0.724981 0.654884 0.213375
vn 0.584603 0.753233 0.301462
vn 0.751392 0.249370 -0.610921
vn 0.631519 0.057018 -0.773261
vn 0.627687 0.051875 -0.776736
vn 0.751392 0.249370 -0.610921
vn 0.363472 0.843002 -0.396529
vn 0.220937 0.893228 -0.391575
vn 0.259468 0.840133 -0.476291
vn 0.306139 0.911287 -0.275383
vn -0.408291 0.333361 -0.849805
vn -0.546704 0.093194 -0.832123
vn -0.550629 0.084988 -0.830413
vn -0.408291 0.333361 -0.849805
vn 0.622606 0.093076 0.776980
vn 0.682163 0.333082 0.650930
vn 0.682163 0.333082 0.650930
vn 0.619770 0.084879 0.780180
vn 0.441040 0.893114 -0.088494
vn 0.489531 0.842930 -0.223223
vn 0.356419 0.911274 -0.206265
vn 0.533655 0.839920 -0.098725
vn 0.060981 0.843003 -0.534442
vn -0.051418 0.893229 -0.446652
vn -0.070046 0.840132 -0.537840
vn 0.085806 0.911287 -0.402732
vn -0.829818 0.333362 -0.447518
vn -0.931403 0.093194 -0.351858
vn -0.933572 0.084988 -0.348167
vn -0.829818 0.333362 -0.447518
vn -0.264802 0.843003 -0.468216
vn -0.304135 0.893224 -0.331139
vn -0.372799 0.840129 -0.393959
vn -0.167302 0.911287 -0.376254
vn -0.934380 0.333365 0.125706
vn -0.960337 0.093195 0.262808
vn -0.959922 0.084989 0.267069
vn -0.934380 0.333365 0.125706
vn -0.489440 0.843002 -0.223148
vn -0.440690 0.893223 -0.089134
vn -0.533167 0.840127 -0.099596
vn -0.356507 0.911286 -0.206058
vn -0.682040 0.333362 0.650916
vn -0.622454 0.093195 0.777088
vn -0.619614 0.084989 0.780291
vn -0.682040 0.333362 0.650916
vn -0.527129 0.843002 0.107155
vn -0.408909 0.893227 0.186918
vn -0.489876 0.840132 0.232809
vn -0.409538 0.911287 0.042844
vn -0.169182 0.333353 0.927498
vn -0.046815 0.093194 0.994547
vn -0.042635 0.084988 0.995469
vn -0.169182 0.333353 0.927498
vn -0.363471 0.843002 0.396530
vn -0.220942 0.893225 0.391579
vn -0.259470 0.840129 0.476296
vn -0.306138 0.911286 0.275384
vn 0.408299 0.333368 0.849799
vn 0.546707 0.093195 0.832121
vn 0.550631 0.084989 0.830411
vn 0.408299 0.333368 0.849799
vn -0.060981 0.843002 0.534442
vn 0.051420 0.893224 0.446662
vn 0.070049 0.840130 0.537843
vn -0.085806 0.911286 0.402734
vn 0.829817 0.333367 0.447515
vn 0.931404 0.093196 0.351855
vn 0.933573 0.084990 0.348164
vn 0.829817 0.333367 0.447515
vn 0.264802 0.843003 0.468216
vn 0.304132 0.893225 0.331139
vn 0.372798 0.840130 0.393959
vn 0.167302 0.911287 0.376254
vn 0.934380 0.333362 -0.125712
vn 0.960336 0.093195 -0.262810
vn 0.959922 0.084989 -0.267070
vn 0.934380 0.333362 -0.125712
vn 0.489440 0.843002 0.223149
vn 0.440685 0.893226 0.089133
vn 0.533165 0.840129 0.099593
vn 0.356506 0.911286 0.206059
vn 0.682044 0.333369 -0.650908
vn 0.622455 0.093196 -0.777087
vn 0.619615 0.084990 -0.780291
vn 0.682044 0.333369 -0.650908
vn 0.154806 0.974239 -0.163992
vn 0.048448 0.993749 -0.100576
vn 0.098767 0.985761 -0.136092
vn 0.049315 0.996477 -0.067835
vn -0.479076 0.422898 -0.769184
vn -0.564553 0.140746 -0.813309
vn -0.561294 0.155964 -0.812788
vn -0.479076 0.422898 -0.769184
vn 0.599042 0.140735 0.788253
vn 0.583497 0.422916 0.693306
vn 0.583497 0.422916 0.693307
vn 0.599554 0.155951 0.784993
vn 0.110544 0.993756 -0.015121
vn 0.203806 0.974242 -0.096516
vn 0.079769 0.996477 -0.025893
vn 0.159885 0.985764 -0.052027
vn 0.028847 0.974239 -0.223665
vn -0.019906 0.993750 -0.109844
vn -0.000085 0.985762 -0.168144
vn 0.000023 0.996477 -0.083866
vn -0.839701 0.422894 -0.340681
vn -0.934784 0.140745 -0.326143
vn -0.931842 0.155963 -0.327637
vn -0.839701 0.422894 -0.340681
vn -0.108129 0.974239 -0.197906
vn -0.080663 0.993750 -0.077162
vn -0.098901 0.985761 -0.135990
vn -0.049277 0.996477 -0.067864
vn -0.879583 0.422894 0.217932
vn -0.947959 0.140745 0.285593
vn -0.946458 0.155963 0.282655
vn -0.879583 0.422894 0.217932
vn -0.203804 0.974239 -0.096552
vn -0.110610 0.993751 -0.014986
vn -0.159941 0.985763 -0.051868
vn -0.079755 0.996477 -0.025938
vn -0.583507 0.422899 0.693308
vn -0.599049 0.140745 0.788246
vn -0.599561 0.155962 0.784985
vn -0.583507 0.422899 0.693308
vn -0.221633 0.974239 0.041682
vn -0.098308 0.993750 0.052881
vn -0.159888 0.985762 0.052052
vn -0.079770 0.996477 0.025895
vn -0.064542 0.422913 0.903869
vn -0.021321 0.140748 0.989816
vn -0.023651 0.155966 0.987479
vn -0.064542 0.422913 0.903869
vn -0.154805 0.974239 0.163994
vn -0.048455 0.993751 0.100553
vn -0.098764 0.985762 0.136083
vn -0.049315 0.996477 0.067836
vn 0.479071 0.422892 0.769190
vn 0.564551 0.140744 0.813310
vn 0.561292 0.155962 0.812790
vn 0.479071 0.422892 0.769190
vn -0.028848 0.974239 0.223666
vn 0.019905 0.993750 0.109844
vn 0.000084 0.985762 0.168147
vn -0.000024 0.996477 0.083867
vn 0.839697 0.422895 0.340689
vn 0.934783 0.140745 0.326146
vn 0.931841 0.155962 0.327640
vn 0.839697 0.422895 0.340689
vn 0.108130 0.974239 0.197905
vn 0.080663 0.993750 0.077162
vn 0.098901 0.985761 0.135990
vn 0.049276 0.996477 0.067865
vn 0.879582 0.422895 -0.217932
vn 0.947959 0.140745 -0.285593
vn 0.946458 0.155963 -0.282655
vn 0.879582 0.422896 -0.217932
vn 0.203804 0.974239 0.096553
vn 0.110617 0.993750 0.014980
vn 0.159947 0.985762 0.051862
vn 0.079755 0.996477 0.025938
vn 0.583507 0.422899 -0.693308
vn 0.599050 0.140745 -0.788245
vn 0.599562 0.155962 -0.784984
vn 0.583507 0.422899 -0.693308
vn 0.913593 0.354290 -0.199565
vn 0.654179 0.248078 -0.714498
vn 0.826656 0.151768 -0.541855
vn 0.768037 0.151677 -0.622184
vn 0.476244 0.248622 -0.843433
vn 0.471790 0.353849 -0.807592
vn 0.403957 0.525145 -0.749027
vn 0.109270 0.248077 -0.962558
vn 0.350286 0.151768 -0.924265
vn 0.255646 0.151677 -0.954798
vn -0.110467 0.248621 -0.962281
vn -0.093006 0.353848 -0.930667
vn -0.113459 0.525145 -0.843416
vn -0.477374 0.248079 -0.842954
vn -0.259885 0.151768 -0.953638
vn -0.354393 0.151678 -0.922713
vn -0.654984 0.248623 -0.713570
vn -0.622275 0.353850 -0.698258
vn -0.587537 0.525146 -0.615648
vn -0.881680 0.248080 -0.401369
vn -0.770785 0.151768 -0.618754
vn -0.829068 0.151677 -0.538182
vn -0.949319 0.248624 -0.192300
vn -0.913857 0.353850 -0.199139
vn -0.837197 0.525144 -0.152724
vn -0.949213 0.248078 0.193524
vn -0.987273 0.151767 -0.047526
vn -0.987066 0.151677 0.051918
vn -0.881047 0.248622 0.402422
vn -0.856377 0.353848 0.376045
vn -0.767076 0.525144 0.368535
vn -0.654179 0.248079 0.714498
vn -0.826655 0.151768 0.541856
vn -0.768038 0.151677 0.622183
vn -0.476244 0.248623 0.843432
vn -0.471790 0.353849 0.807592
vn -0.403957 0.525144 0.749028
vn -0.109270 0.248079 0.962557
vn -0.350285 0.151768 0.924266
vn -0.255642 0.151678 0.954799
vn 0.110467 0.248623 0.962280
vn 0.093004 0.353850 0.930667
vn 0.113457 0.525144 0.843417
vn 0.477375 0.248079 0.842953
vn 0.259881 0.151769 0.953639
vn 0.354392 0.151678 0.922713
vn 0.654985 0.248623 0.713570
vn 0.622275 0.353850 0.698258
vn 0.587538 0.525146 0.615647
vn 0.881680 0.248079 0.401369
vn 0.770785 0.151768 0.618754
vn 0.829069 0.151677 0.538182
vn 0.949319 0.248623 0.192301
vn 0.913856 0.353850 0.199139
vn 0.837143 0.524721 -0.154468
vn 0.837197 0.525144 0.152725
vn 0.987273 0.151768 0.047527
vn 0.987066 0.151677 -0.051915
vn 0.761997 0.626537 -0.163743
vn 0.391092 0.626289 -0.674396
vn 0.294725 0.753425 -0.587782
vn -0.079999 0.626289 -0.775476
vn -0.107053 0.753424 -0.648761
vn -0.520534 0.626289 -0.580350
vn -0.467940 0.753426 -0.461933
vn -0.762242 0.626289 -0.163550
vn -0.650089 0.753425 -0.098663
vn -0.712800 0.626289 0.315720
vn -0.583927 0.753425 0.302293
vn -0.391092 0.626288 0.674396
vn -0.294725 0.753425 0.587783
vn 0.080000 0.626288 0.775476
vn 0.107054 0.753425 0.648760
vn 0.520534 0.626289 0.580351
vn 0.467939 0.753425 0.461935
vn 0.762243 0.626288 0.163551
vn 0.650147 0.753234 -0.099735
vn 0.650090 0.753425 0.098665
vn 0.527129 0.843002 -0.107156
vn 0.264832 0.842930 -0.468329
vn 0.167110 0.911274 -0.376369
vn -0.061024 0.842930 -0.534551
vn -0.086030 0.911275 -0.402713
vn -0.363570 0.842931 -0.396591
vn -0.306309 0.911274 -0.275235
vn -0.527246 0.842930 -0.107149
vn -0.409588 0.911274 -0.042626
vn -0.489531 0.842930 0.223223
vn -0.356418 0.911274 0.206265
vn -0.264832 0.842930 0.468330
vn -0.167109 0.911274 0.376370
vn 0.061023 0.842930 0.534551
vn 0.086030 0.911274 0.402713
vn 0.363570 0.842930 0.396592
vn 0.306309 0.911274 0.275235
vn 0.527246 0.842930 0.107148
vn 0.409537 0.911287 -0.042846
vn 0.409588 0.911274 0.042624
vn 0.221632 0.974239 -0.041682
vn 0.108149 0.974242 -0.197879
vn -0.028816 0.974242 -0.223655
vn -0.154774 0.974242 -0.164006
vn -0.221614 0.974242 -0.041708
vn -0.203805 0.974242 0.096519
vn -0.108150 0.974242 0.197879
vn 0.028816 0.974242 0.223656
vn 0.154773 0.974242 0.164006
vn 0.221614 0.974242 0.041706
vn -0.653643 -0.042840 -0.755590
vn -0.653643 -0.042840 -0.755590
vn 0.518738 -0.039188 0.854035
vn 0.518738 -0.039188 0.854035
vn -0.347869 0.930705 0.113033
vn -0.347869 0.930705 0.113033
vn -0.187253 0.980424 0.060865
vn -0.186877 0.980504 0.060742
vn 0.250604 -0.964528 -0.082968
vn 0.250604 -0.964528 -0.082968
vn 0.550574 -0.006298 0.834762
vn 0.550574 -0.006298 0.834762
vn 0.623016 0.007592 0.782172
vn 0.659830 0.015030 0.751264
vn 0.126214 -0.987756 -0.091700
vn 0.126214 -0.987756 -0.091700
vn 0.189207 -0.972263 -0.137495
vn 0.188831 -0.972375 -0.137222
vn -0.627687 -0.009793 -0.778405
vn -0.627687 -0.009793 -0.778405
vn -0.515958 0.011439 -0.856537
vn -0.556088 0.004050 -0.831113
vn 0.153975 -0.964528 -0.214424
vn 0.153975 -0.964528 -0.214424
vn 0.248759 -0.905095 -0.344849
vn 0.248307 -0.905456 -0.344227
vn -0.214993 0.930705 0.295917
vn -0.214993 0.930705 0.295917
vn -0.115716 0.980424 0.159306
vn -0.115483 0.980504 0.158984
vn -0.972933 -0.042839 -0.227083
vn -0.972933 -0.042839 -0.227083
vn 0.921656 -0.039191 0.386023
vn 0.921656 -0.039191 0.386023
vn 0.966737 0.031924 0.253772
vn 0.965838 0.030026 0.257402
vn 0.936084 -0.006299 0.351719
vn 0.936085 -0.006299 0.351719
vn 0.963779 0.007591 0.266593
vn 0.975396 0.015029 0.219949
vn 0.048210 -0.987755 -0.148376
vn 0.048210 -0.987755 -0.148376
vn 0.072254 -0.972263 -0.222450
vn 0.072111 -0.972374 -0.222009
vn -0.965343 -0.009791 -0.260802
vn -0.965343 -0.009791 -0.260802
vn -0.920877 0.011440 -0.389686
vn -0.938399 0.004052 -0.345530
vn -0.001467 -0.964528 -0.263978
vn -0.001467 -0.964528 -0.263978
vn -0.001448 -0.905094 -0.425209
vn -0.001448 -0.905455 -0.424439
vn 0.000005 0.930703 0.365776
vn 0.000005 0.930703 0.365776
vn 0.000021 0.980424 0.196899
vn 0.000021 0.980503 0.196502
vn -0.920596 -0.042837 0.388159
vn -0.920596 -0.042837 0.388159
vn 0.972534 -0.039190 -0.229437
vn 0.972534 -0.039190 -0.229437
vn 0.931270 0.031924 -0.362929
vn 0.932676 0.030026 -0.359463
vn 0.964042 -0.006299 -0.265676
vn 0.964042 -0.006299 -0.265676
vn 0.936412 0.007592 -0.350821
vn 0.918394 0.015030 -0.395382
vn -0.048210 -0.987755 -0.148376
vn -0.048210 -0.987755 -0.148376
vn -0.072298 -0.972263 -0.222435
vn -0.072155 -0.972375 -0.221994
vn -0.934273 -0.009792 0.356424
vn -0.934273 -0.009792 0.356424
vn -0.974055 0.011440 0.226020
vn -0.962277 0.004051 0.272042
vn -0.156351 -0.964527 -0.212701
vn -0.156351 -0.964527 -0.212701
vn -0.251102 -0.905095 -0.343148
vn -0.250649 -0.905456 -0.342525
vn 0.215000 0.930704 0.295916
vn 0.215000 0.930704 0.295916
vn 0.115751 0.980424 0.159283
vn 0.115517 0.980503 0.158962
vn -0.516623 -0.042840 0.855140
vn -0.516623 -0.042840 0.855140
vn 0.651940 -0.039192 -0.757257
vn 0.651940 -0.039192 -0.757257
vn 0.540092 0.031924 -0.841000
vn 0.543267 0.030026 -0.839023
vn 0.623770 -0.006299 -0.781583
vn 0.623770 -0.006299 -0.781583
vn 0.551367 0.007592 -0.834229
vn 0.510595 0.015030 -0.859690
vn -0.126215 -0.987755 -0.091701
vn -0.126215 -0.987755 -0.091701
vn -0.189233 -0.972264 -0.137457
vn -0.188858 -0.972375 -0.137185
vn -0.546338 -0.009793 0.837507
vn -0.546338 -0.009793 0.837507
vn -0.655181 0.011439 0.755386
vn -0.618599 0.004051 0.785697
vn -0.251507 -0.964529 -0.080178
vn -0.251507 -0.964529 -0.080178
vn -0.404840 -0.905097 -0.130019
vn -0.404108 -0.905458 -0.129781
vn 0.347871 0.930705 0.113025
vn 0.347871 0.930705 0.113025
vn 0.187264 0.980425 0.060824
vn 0.186888 0.980504 0.060701
vn 0.084684 -0.042838 0.995487
vn 0.084684 -0.042838 0.995487
vn 0.082322 -0.039190 -0.995835
vn 0.082322 -0.039190 -0.995835
vn -0.057385 0.031923 -0.997842
vn -0.053654 0.030025 -0.998108
vn 0.045236 -0.006299 -0.998957
vn 0.045236 -0.006299 -0.998956
vn -0.044281 0.007592 -0.998990
vn -0.092232 0.015030 -0.995624
vn -0.156012 -0.987755 0.000000
vn -0.156012 -0.987755 0.000000
vn -0.233890 -0.972263 0.000024
vn -0.233427 -0.972374 0.000024
vn 0.050272 -0.009792 0.998688
vn 0.050272 -0.009792 0.998688
vn -0.086044 0.011439 0.996226
vn -0.038635 0.004051 0.999245
vn -0.250603 -0.964528 0.082969
vn -0.250603 -0.964528 0.082969
vn -0.403949 -0.905095 0.132773
vn -0.403217 -0.905456 0.132536
vn 0.347867 0.930705 -0.113033
vn 0.347867 0.930705 -0.113033
vn 0.187252 0.980425 -0.060864
vn 0.186875 0.980504 -0.060741
vn 0.653643 -0.042838 0.755590
vn 0.653643 -0.042838 0.755590
vn -0.518735 -0.039191 -0.854036
vn -0.518735 -0.039191 -0.854036
vn -0.632941 0.031921 -0.773542
vn -0.630079 0.030023 -0.775950
vn -0.550575 -0.006298 -0.834762
vn -0.550574 -0.006298 -0.834762
vn -0.623016 0.007593 -0.782172
vn -0.659830 0.015031 -0.751264
vn -0.126215 -0.987755 0.091701
vn -0.126215 -0.987755 0.091701
vn -0.189207 -0.972263 0.137496
vn -0.188832 -0.972375 0.137223
vn 0.627680 -0.009792 0.778410
vn 0.627680 -0.009792 0.778410
vn 0.515958 0.011439 0.856538
vn 0.556085 0.004051 0.831116
vn -0.153975 -0.964527 0.214427
vn -0.153975 -0.964527 0.214427
vn -0.248759 -0.905095 0.344851
vn -0.248307 -0.905456 0.344228
vn 0.214992 0.930705 -0.295918
vn 0.214992 0.930705 -0.295918
vn 0.115715 0.980425 -0.159303
vn 0.115482 0.980504 -0.158982
vn 0.972933 -0.042839 0.227084
vn 0.972933 -0.042839 0.227084
vn -0.921655 -0.039192 -0.386025
vn -0.921655 -0.039192 -0.386025
vn -0.966737 0.031924 -0.253773
vn -0.965838 0.030026 -0.257403
vn -0.936085 -0.006299 -0.351718
vn -0.936085 -0.006299 -0.351718
vn -0.963780 0.007591 -0.266591
vn -0.975396 0.015029 -0.219947
vn -0.048210 -0.987755 0.148376
vn -0.048210 -0.987755 0.148376
vn -0.072254 -0.972263 0.222450
vn -0.072111 -0.972375 0.222009
vn 0.965343 -0.009792 0.260800
vn 0.965343 -0.009792 0.260800
vn 0.920876 0.011439 0.389687
vn 0.938399 0.004051 0.345530
vn 0.001467 -0.964527 0.263980
vn 0.001467 -0.964527 0.263980
vn 0.001448 -0.905094 0.425210
vn 0.001448 -0.905455 0.424441
vn -0.000005 0.930703 -0.365777
vn -0.000005 0.930703 -0.365777
vn -0.000021 0.980425 -0.196895
vn -0.000021 0.980504 -0.196498
vn 0.920595 -0.042839 -0.388162
vn 0.920595 -0.042839 -0.388162
vn -0.972534 -0.039190 0.229439
vn -0.972534 -0.039190 0.229439
vn -0.931271 0.031923 0.362927
vn -0.932677 0.030025 0.359462
vn -0.964044 -0.006299 0.265669
vn -0.964044 -0.006299 0.265669
vn -0.936413 0.007591 0.350817
vn -0.918395 0.015029 0.395381
vn 0.048210 -0.987755 0.148376
vn 0.048210 -0.987755 0.148376
vn 0.072298 -0.972263 0.222435
vn 0.072154 -0.972374 0.221995
vn 0.934273 -0.009793 -0.356424
vn 0.934273 -0.009793 -0.356424
vn 0.974056 0.011439 -0.226016
vn 0.962278 0.004051 -0.272039
vn 0.156350 -0.964527 0.212701
vn 0.156350 -0.964527 0.212701
vn 0.251102 -0.905095 0.343149
vn 0.250650 -0.905456 0.342526
vn -0.214999 0.930704 -0.295914
vn -0.214999 0.930704 -0.295914
vn -0.115750 0.980424 -0.159284
vn -0.115516 0.980503 -0.158963
vn 0.516621 -0.042837 -0.855142
vn 0.516621 -0.042837 -0.855142
vn -0.651939 -0.039190 0.757258
vn -0.651939 -0.039190 0.757258
vn -0.540086 0.031926 0.841004
vn -0.543261 0.030027 0.839027
vn -0.623770 -0.006299 0.781583
vn -0.623770 -0.006299 0.781583
vn -0.551367 0.007592 0.834229
vn -0.510595 0.015030 0.859690
vn 0.126215 -0.987755 0.091701
vn 0.126215 -0.987755 0.091701
vn 0.189234 -0.972263 0.137458
vn 0.188859 -0.972375 0.137185
vn 0.546339 -0.009792 -0.837507
vn 0.546339 -0.009792 -0.837507
vn 0.655179 0.011439 -0.755387
vn 0.618597 0.004051 -0.785698
vn 0.251505 -0.964529 0.080177
vn 0.251505 -0.964529 0.080177
vn 0.404841 -0.905096 0.130019
vn 0.404110 -0.905457 0.129781
vn -0.347870 0.930705 -0.113025
vn -0.347870 0.930705 -0.113025
vn -0.187264 0.980425 -0.060825
vn -0.186887 0.980504 -0.060702
vn -0.084684 -0.042838 -0.995487
vn -0.084684 -0.042838 -0.995487
vn 0.050984 0.026261 -0.998354
vn 0.055011 0.028312 -0.998084
vn -0.082324 -0.039191 0.995835
vn -0.082324 -0.039191 0.995835
vn 0.057384 0.031923 0.997842
vn 0.053654 0.030025 0.998108
vn -0.045237 -0.006299 0.998956
vn -0.045237 -0.006299 0.998956
vn 0.044281 0.007592 0.998990
vn 0.092232 0.015029 0.995624
vn 0.156012 -0.987755 0.000000
vn 0.156012 -0.987755 0.000000
vn 0.233892 -0.972263 -0.000023
vn 0.233428 -0.972374 -0.000023
vn -0.050272 -0.009792 -0.998688
vn -0.050272 -0.009792 -0.998688
vn 0.086044 0.011439 -0.996226
vn 0.038635 0.004051 -0.999245
vn -0.629485 -0.052985 -0.775204
vn -0.629485 -0.052985 -0.775204
vn 0.543286 -0.051011 0.837997
vn 0.543286 -0.051011 0.837997
vn -0.605237 0.771371 0.196659
vn -0.605237 0.771371 0.196659
vn -0.472084 0.868103 0.153409
vn -0.471913 0.868205 0.153354
vn 0.524499 -0.833901 -0.171783
vn 0.524499 -0.833902 -0.171783
vn 0.645188 -0.734317 -0.210976
vn 0.644793 -0.734701 -0.210848
vn 0.323359 -0.833894 -0.447279
vn 0.323359 -0.833894 -0.447279
vn 0.397961 -0.734315 -0.549917
vn 0.397717 -0.734699 -0.549581
vn -0.374052 0.771369 0.514854
vn -0.374052 0.771369 0.514854
vn -0.291754 0.868098 0.401604
vn -0.291649 0.868200 0.401459
vn -0.964918 -0.052988 -0.257150
vn -0.964918 -0.052988 -0.257150
vn 0.932091 -0.051012 0.358615
vn 0.932091 -0.051012 0.358615
vn 0.965426 0.058798 0.253959
vn 0.964404 0.053779 0.258906
vn -0.001298 -0.833898 -0.551918
vn -0.001298 -0.833898 -0.551918
vn -0.001277 -0.734318 -0.678804
vn -0.001278 -0.734702 -0.678389
vn 0.000006 0.771375 0.636381
vn 0.000006 0.771375 0.636381
vn 0.000020 0.868101 0.496388
vn 0.000020 0.868203 0.496209
vn -0.931783 -0.052987 0.359129
vn -0.931783 -0.052987 0.359129
vn 0.964866 -0.051009 -0.257743
vn 0.964866 -0.051009 -0.257743
vn 0.930319 0.058798 -0.362007
vn 0.932400 0.053780 -0.357404
vn -0.325457 -0.833897 -0.445750
vn -0.325457 -0.833897 -0.445750
vn -0.400022 -0.734321 -0.548411
vn -0.399778 -0.734705 -0.548075
vn 0.374062 0.771375 0.514838
vn 0.374062 0.771375 0.514838
vn 0.291786 0.868102 0.401571
vn 0.291680 0.868205 0.401425
vn -0.542741 -0.052982 0.838227
vn -0.542741 -0.052982 0.838227
vn 0.629096 -0.051006 -0.775652
vn 0.629096 -0.051006 -0.775652
vn 0.539861 0.058799 -0.839698
vn 0.544250 0.053781 -0.837197
vn -0.525305 -0.833898 -0.169317
vn -0.525305 -0.833898 -0.169317
vn -0.645980 -0.734314 -0.208547
vn -0.645585 -0.734698 -0.208419
vn 0.605237 0.771374 0.196647
vn 0.605237 0.771374 0.196647
vn 0.472097 0.868102 0.153374
vn 0.471926 0.868205 0.153318
vn 0.053615 -0.052987 0.997155
vn 0.053615 -0.052987 0.997155
vn 0.053032 -0.051009 -0.997289
vn 0.053032 -0.051009 -0.997289
vn -0.056806 0.058799 -0.996652
vn -0.051785 0.053780 -0.997209
vn -0.524507 -0.833895 0.171787
vn -0.524507 -0.833895 0.171787
vn -0.645193 -0.734312 0.210978
vn -0.644798 -0.734696 0.210850
vn 0.605236 0.771372 -0.196659
vn 0.605236 0.771372 -0.196659
vn 0.472084 0.868102 -0.153410
vn 0.471913 0.868205 -0.153354
vn 0.629486 -0.052986 0.775203
vn 0.629486 -0.052986 0.775203
vn -0.543285 -0.051013 -0.837997
vn -0.543285 -0.051013 -0.837997
vn -0.631772 0.058796 -0.772922
vn -0.628037 0.053777 -0.776323
vn -0.323361 -0.833898 0.447271
vn -0.323361 -0.833898 0.447271
vn -0.397961 -0.734319 0.549911
vn -0.397717 -0.734703 0.549575
vn 0.374050 0.771374 -0.514849
vn 0.374050 0.771374 -0.514849
vn 0.291753 0.868100 -0.401600
vn 0.291647 0.868202 -0.401455
vn 0.964918 -0.052986 0.257151
vn 0.964918 -0.052986 0.257151
vn -0.932091 -0.051011 -0.358616
vn -0.932091 -0.051011 -0.358616
vn -0.965427 0.058798 -0.253957
vn -0.964405 0.053779 -0.258904
vn 0.001298 -0.833898 0.551918
vn 0.001298 -0.833898 0.551918
vn 0.001277 -0.734318 0.678804
vn 0.001277 -0.734702 0.678389
vn -0.000006 0.771374 -0.636383
vn -0.000006 0.771374 -0.636383
vn -0.000020 0.868103 -0.496384
vn -0.000020 0.868206 -0.496205
vn 0.931783 -0.052985 -0.359128
vn 0.931783 -0.052985 -0.359128
vn -0.964866 -0.051012 0.257743
vn -0.964866 -0.051012 0.257743
vn -0.930320 0.058795 0.362005
vn -0.932401 0.053776 0.357402
vn 0.325457 -0.833899 0.445748
vn 0.325457 -0.833899 0.445748
vn 0.400024 -0.734318 0.548414
vn 0.399780 -0.734702 0.548077
vn -0.374060 0.771373 -0.514842
vn -0.374060 0.771373 -0.514842
vn -0.291784 0.868103 -0.401570
vn -0.291679 0.868206 -0.401425
vn 0.542739 -0.052988 -0.838228
vn 0.542739 -0.052988 -0.838228
vn -0.629095 -0.051008 0.775653
vn -0.629095 -0.051008 0.775653
vn -0.539862 0.058801 0.839698
vn -0.544251 0.053782 0.837197
vn 0.525306 -0.833897 0.169320
vn 0.525306 -0.833897 0.169320
vn 0.645982 -0.734312 0.208549
vn 0.645587 -0.734696 0.208421
vn -0.605239 0.771373 -0.196647
vn -0.605239 0.771373 -0.196647
vn -0.472095 0.868103 -0.153373
vn -0.471924 0.868206 -0.153317
vn -0.053614 -0.052986 -0.997155
vn -0.053614 -0.052986 -0.997155
vn 0.051258 0.051877 -0.997337
vn 0.056401 0.057019 -0.996779
vn -0.053033 -0.051010 0.997289
vn -0.053033 -0.051010 0.997289
vn 0.056806 0.058799 0.996652
vn 0.051785 0.053780 0.997209
vn -0.605261 -0.042791 -0.794876
vn -0.605261 -0.042791 -0.794876
vn 0.569189 -0.042679 0.821098
vn 0.569189 -0.042679 0.821098
vn -0.801143 0.538895 0.260311
vn -0.801143 0.538895 0.260311
vn -0.709305 0.666158 0.230479
vn -0.709271 0.666198 0.230468
vn 0.744264 -0.622228 -0.242700
vn 0.744264 -0.622228 -0.242700
vn 0.823395 -0.499984 -0.268397
vn 0.823292 -0.500170 -0.268364
vn 0.459469 -0.622223 -0.633819
vn 0.459469 -0.622223 -0.633819
vn 0.508383 -0.499986 -0.701114
vn 0.508320 -0.500173 -0.701026
vn -0.495128 0.538898 0.681496
vn -0.495128 0.538898 0.681496
vn -0.438367 0.666158 0.603380
vn -0.438346 0.666198 0.603352
vn -0.956882 -0.042791 -0.287307
vn -0.956882 -0.042791 -0.287307
vn 0.943115 -0.042677 0.329717
vn 0.943115 -0.042677 0.329717
vn 0.960396 0.093076 0.262635
vn 0.959982 0.084879 0.266891
vn -0.000832 -0.622226 -0.782837
vn -0.000832 -0.622226 -0.782838
vn -0.000818 -0.499985 -0.866034
vn -0.000818 -0.500172 -0.865926
vn 0.000003 0.538898 0.842371
vn 0.000003 0.538898 0.842371
vn 0.000011 0.666161 0.745808
vn 0.000011 0.666201 0.745773
vn -0.943008 -0.042790 0.330007
vn -0.943008 -0.042790 0.330007
vn 0.956800 -0.042677 -0.287597
vn 0.956800 -0.042677 -0.287597
vn 0.931349 0.093077 -0.352031
vn 0.933516 0.084879 -0.348345
vn -0.460812 -0.622224 -0.632843
vn -0.460812 -0.622224 -0.632843
vn -0.509700 -0.499985 -0.700158
vn -0.509637 -0.500171 -0.700071
vn 0.495133 0.538900 0.681491
vn 0.495134 0.538900 0.681491
vn 0.438386 0.666157 0.603369
vn 0.438365 0.666196 0.603340
vn -0.568937 -0.042789 0.821267
vn -0.568937 -0.042789 0.821267
vn 0.605022 -0.042680 -0.795064
vn 0.605022 -0.042680 -0.795064
vn 0.546558 0.093077 -0.832233
vn 0.550477 0.084880 -0.830524
vn -0.744782 -0.622225 -0.241116
vn -0.744782 -0.622225 -0.241116
vn -0.823901 -0.499983 -0.266843
vn -0.823798 -0.500169 -0.266810
vn 0.801143 0.538900 0.260301
vn 0.801143 0.538900 0.260301
vn 0.709309 0.666161 0.230457
vn 0.709275 0.666200 0.230446
vn 0.022450 -0.042790 0.998832
vn 0.022450 -0.042790 0.998832
vn 0.022144 -0.042679 -0.998843
vn 0.022144 -0.042679 -0.998843
vn -0.046999 0.093075 -0.994549
vn -0.042823 0.084877 -0.995471
vn -0.744264 -0.622228 0.242700
vn -0.744264 -0.622228 0.242700
vn -0.823394 -0.499986 0.268397
vn -0.823291 -0.500173 0.268364
vn 0.801140 0.538901 -0.260309
vn 0.801140 0.538901 -0.260309
vn 0.709305 0.666157 -0.230480
vn 0.709272 0.666196 -0.230469
vn 0.605259 -0.042790 0.794878
vn 0.605259 -0.042790 0.794878
vn -0.569191 -0.042676 -0.821097
vn -0.569191 -0.042676 -0.821097
vn -0.622606 0.093075 -0.776981
vn -0.619769 0.084878 -0.780181
vn -0.459471 -0.622227 0.633815
vn -0.459470 -0.622227 0.633815
vn -0.508383 -0.499984 0.701115
vn -0.508320 -0.500170 0.701028
vn 0.495130 0.538896 -0.681497
vn 0.495130 0.538896 -0.681497
vn 0.438369 0.666157 -0.603379
vn 0.438349 0.666197 -0.603351
vn 0.956883 -0.042790 0.287304
vn 0.956883 -0.042790 0.287304
vn -0.943114 -0.042679 -0.329719
vn -0.943114 -0.042679 -0.329719
vn -0.960396 0.093075 -0.262633
vn -0.959983 0.084878 -0.266888
vn 0.000832 -0.622231 0.782833
vn 0.000832 -0.622231 0.782833
vn 0.000817 -0.499985 0.866034
vn 0.000817 -0.500172 0.865926
vn -0.000003 0.538896 -0.842372
vn -0.000003 0.538896 -0.842372
vn -0.000011 0.666159 -0.745810
vn -0.000011 0.666198 -0.745775
vn 0.943008 -0.042789 -0.330007
vn 0.943008 -0.042789 -0.330007
vn -0.956800 -0.042679 0.287598
vn -0.956800 -0.042679 0.287598
vn -0.931348 0.093076 0.352033
vn -0.933515 0.084878 0.348346
vn 0.460814 -0.622225 0.632840
vn 0.460814 -0.622225 0.632840
vn 0.509702 -0.499982 0.700158
vn 0.509639 -0.500169 0.700071
vn -0.495134 0.538900 -0.681490
vn -0.495134 0.538900 -0.681490
vn -0.438383 0.666156 -0.603371
vn -0.438363 0.666195 -0.603343
vn 0.568935 -0.042791 -0.821268
vn 0.568935 -0.042791 -0.821268
vn -0.605021 -0.042679 0.795065
vn -0.605021 -0.042679 0.795065
vn -0.546559 0.093076 0.832232
vn -0.550479 0.084878 0.830523
vn 0.744779 -0.622227 0.241117
vn 0.744779 -0.622227 0.241117
vn 0.823901 -0.499983 0.266840
vn 0.823799 -0.500170 0.266807
vn -0.801142 0.538900 -0.260305
vn -0.801142 0.538900 -0.260305
vn -0.709310 0.666158 -0.230462
vn -0.709276 0.666198 -0.230451
vn -0.022450 -0.042791 -0.998832
vn -0.022450 -0.042791 -0.998832
vn 0.042635 0.084988 -0.995469
vn 0.046816 0.093194 -0.994547
vn -0.022144 -0.042679 0.998843
vn -0.022144 -0.042679 0.998843
vn 0.046998 0.093074 0.994549
vn 0.042823 0.084877 0.995471
vn -0.591611 -0.031841 -0.805595
vn -0.591611 -0.031841 -0.805595
vn 0.583332 -0.031892 0.811607
vn 0.583332 -0.031892 0.811607
vn -0.919189 0.256695 0.298662
vn -0.919189 0.256695 0.298662
vn -0.873289 0.396049 0.283744
vn -0.873292 0.396043 0.283745
vn 0.890231 -0.352183 -0.288888
vn 0.890231 -0.352183 -0.288888
vn 0.927098 -0.223529 -0.300873
vn 0.927106 -0.223490 -0.300876
vn 0.550411 -0.352182 -0.756978
vn 0.550411 -0.352182 -0.756978
vn 0.573189 -0.223525 -0.788347
vn 0.573195 -0.223486 -0.788354
vn -0.568090 0.256693 0.781910
vn -0.568090 0.256693 0.781910
vn -0.539725 0.396049 0.742861
vn -0.539727 0.396043 0.742863
vn -0.952139 -0.031842 -0.304002
vn -0.952139 -0.031842 -0.304002
vn 0.948979 -0.031892 0.313723
vn 0.948979 -0.031892 0.313723
vn 0.947960 0.140733 0.285598
vn 0.946458 0.155948 0.282660
vn 0.000348 -0.352181 -0.935932
vn 0.000348 -0.352181 -0.935932
vn 0.000342 -0.223524 -0.974698
vn 0.000342 -0.223486 -0.974707
vn -0.000001 0.256690 0.966494
vn -0.000001 0.256690 0.966494
vn -0.000004 0.396044 0.918232
vn -0.000004 0.396038 0.918234
vn -0.948984 -0.031841 0.313714
vn -0.948984 -0.031841 0.313713
vn 0.952142 -0.031892 -0.303989
vn 0.952142 -0.031892 -0.303989
vn 0.934784 0.140734 -0.326147
vn 0.931843 0.155950 -0.327642
vn -0.549848 -0.352182 -0.757387
vn -0.549848 -0.352182 -0.757387
vn -0.572639 -0.223527 -0.788746
vn -0.572644 -0.223488 -0.788753
vn 0.568090 0.256691 0.781911
vn 0.568090 0.256691 0.781911
vn 0.539721 0.396049 0.742863
vn 0.539723 0.396043 0.742866
vn -0.583345 -0.031843 0.811600
vn -0.583345 -0.031843 0.811600
vn 0.591616 -0.031891 -0.805589
vn 0.591616 -0.031891 -0.805589
vn 0.564558 0.140736 -0.813307
vn 0.561300 0.155952 -0.812786
vn -0.890016 -0.352184 -0.289548
vn -0.890016 -0.352184 -0.289548
vn -0.926887 -0.223528 -0.301523
vn -0.926895 -0.223489 -0.301526
vn 0.919189 0.256693 0.298663
vn 0.919189 0.256693 0.298663
vn 0.873288 0.396048 0.283751
vn 0.873290 0.396042 0.283752
vn 0.005106 -0.031842 0.999480
vn 0.005106 -0.031842 0.999480
vn 0.005117 -0.031892 -0.999478
vn 0.005117 -0.031892 -0.999478
vn -0.021317 0.140734 -0.989818
vn -0.023647 0.155950 -0.987482
vn -0.890232 -0.352182 0.288887
vn -0.890232 -0.352182 0.288887
vn -0.927098 -0.223527 0.300873
vn -0.927107 -0.223489 0.300875
vn 0.919190 0.256693 -0.298661
vn 0.919190 0.256693 -0.298661
vn 0.873289 0.396049 -0.283744
vn 0.873292 0.396043 -0.283744
vn 0.591612 -0.031841 0.805594
vn 0.591612 -0.031841 0.805594
vn -0.583338 -0.031892 -0.811603
vn -0.583338 -0.031892 -0.811603
vn -0.599043 0.140733 -0.788252
vn -0.599555 0.155949 -0.784993
vn -0.550409 -0.352181 0.756980
vn -0.550409 -0.352182 0.756980
vn -0.573191 -0.223527 0.788345
vn -0.573196 -0.223488 0.788353
vn 0.568090 0.256691 -0.781910
vn 0.568090 0.256691 -0.781910
vn 0.539728 0.396050 -0.742858
vn 0.539730 0.396044 -0.742860
vn 0.952139 -0.031842 0.304001
vn 0.952139 -0.031842 0.304001
vn -0.948979 -0.031892 -0.313724
vn -0.948979 -0.031892 -0.313724
vn -0.947959 0.140735 -0.285598
vn -0.946458 0.155951 -0.282660
vn -0.000348 -0.352180 0.935932
vn -0.000348 -0.352180 0.935932
vn -0.000342 -0.223525 0.974698
vn -0.000342 -0.223486 0.974707
vn 0.000001 0.256693 -0.966493
vn 0.000001 0.256693 -0.966493
vn 0.000004 0.396048 -0.918230
vn 0.000004 0.396042 -0.918232
vn 0.948984 -0.031842 -0.313714
vn 0.948984 -0.031842 -0.313714
vn -0.952142 -0.031892 0.303989
vn -0.952142 -0.031892 0.303989
vn -0.934786 0.140735 0.326143
vn -0.931844 0.155951 0.327637
vn 0.549844 -0.352181 0.757390
vn 0.549844 -0.352181 0.757390
vn 0.572636 -0.223528 0.788748
vn 0.572641 -0.223489 0.788755
vn -0.568089 0.256691 -0.781911
vn -0.568089 0.256691 -0.781911
vn -0.539721 0.396049 -0.742863
vn -0.539723 0.396043 -0.742866
vn 0.583347 -0.031842 -0.811599
vn 0.583346 -0.031842 -0.811599
vn -0.591621 -0.031892 0.805585
vn -0.591621 -0.031892 0.805585
vn -0.564556 0.140735 0.813308
vn -0.561298 0.155951 0.812788
vn 0.890016 -0.352182 0.289550
vn 0.890016 -0.352182 0.289550
vn 0.926887 -0.223525 0.301524
vn 0.926896 -0.223486 0.301527
vn -0.919189 0.256693 -0.298664
vn -0.919189 0.256693 -0.298663
vn -0.873286 0.396051 -0.283751
vn -0.873289 0.396045 -0.283752
vn -0.005106 -0.031841 -0.999480
vn -0.005106 -0.031841 -0.999480
vn 0.023651 0.155965 -0.987479
vn 0.021320 0.140747 -0.989816
vn -0.005117 -0.031892 0.999478
vn -0.005117 -0.031892 0.999478
vn 0.021316 0.140732 0.989818
vn 0.023646 0.155947 0.987482
vn 0.055444 0.995548 -0.076229
vn 0.055444 0.995548 -0.076229
vn 0.530848 0.425958 -0.732639
vn 0.860612 0.425653 -0.279584
vn 0.089665 0.995547 -0.029081
vn 0.089665 0.995547 -0.029081
vn 0.859443 0.428130 -0.279395
vn 0.299916 0.153029 -0.941612
vn 0.299916 0.153029 -0.941612
vn 0.941913 0.110323 -0.317221
vn 0.835928 0.055811 0.545994
vn 0.835928 0.055811 0.545994
vn 0.584351 0.109103 -0.804133
vn 0.422495 -0.852754 -0.307098
vn 0.422495 -0.852754 -0.307098
vn 0.570038 0.164289 -0.805025
vn -0.267219 0.052566 -0.962201
vn -0.267219 0.052566 -0.962201
vn 0.586051 0.164614 -0.793377
vn 0.391728 -0.743928 -0.541405
vn 0.391728 -0.743929 -0.541405
vn 0.575583 0.110321 -0.810267
vn 0.997207 0.055812 -0.049629
vn 0.997207 0.055812 -0.049629
vn 0.987688 0.156405 0.003100
vn 0.987688 0.156405 0.003100
vn 0.529887 0.428474 -0.731868
vn 0.000046 0.995548 -0.094259
vn 0.000046 0.995548 -0.094259
vn -0.001159 0.425957 -0.904743
vn 0.504844 -0.509494 -0.696813
vn 0.504844 -0.509494 -0.696813
vn 0.000115 0.109104 -0.994030
vn 0.161294 -0.852759 -0.496776
vn 0.161294 -0.852759 -0.496776
vn -0.012002 0.164289 -0.986339
vn -0.781755 0.052565 -0.621367
vn -0.781755 0.052565 -0.621367
vn 0.007774 0.164615 -0.986327
vn -0.001317 -0.743929 -0.668257
vn -0.001317 -0.743929 -0.668257
vn -0.010650 0.110323 -0.993839
vn 0.777596 0.055813 -0.626282
vn 0.777596 0.055813 -0.626282
vn 0.800872 0.156408 -0.578049
vn 0.800872 0.156408 -0.578049
vn -0.001482 0.428471 -0.903555
vn -0.055370 0.995547 -0.076286
vn -0.055370 0.995547 -0.076286
vn -0.532737 0.425965 -0.731263
vn -0.001158 -0.509495 -0.860473
vn -0.001158 -0.509495 -0.860473
vn -0.584198 0.109104 -0.804244
vn -0.161508 -0.852759 -0.496706
vn -0.161508 -0.852759 -0.496706
vn -0.589471 0.164292 -0.790906
vn -0.997683 0.052567 -0.043200
vn -0.997683 0.052567 -0.043200
vn -0.573450 0.164619 -0.802531
vn -0.393851 -0.743938 -0.539849
vn -0.393851 -0.743938 -0.539849
vn -0.592757 0.110322 -0.797790
vn 0.260953 0.055812 -0.963737
vn 0.260953 0.055812 -0.963737
vn 0.308156 0.156412 -0.938390
vn 0.308156 0.156412 -0.938390
vn -0.532300 0.428480 -0.730111
vn -0.089634 0.995547 -0.029173
vn -0.089634 0.995547 -0.029173
vn -0.860825 0.425950 -0.278473
vn -0.506710 -0.509506 -0.695448
vn -0.506710 -0.509506 -0.695448
vn -0.945349 0.109103 -0.307265
vn -0.422619 -0.852759 -0.306912
vn -0.422619 -0.852759 -0.306912
vn -0.941776 0.164286 -0.293375
vn -0.832543 0.052565 0.551461
vn -0.832543 0.052565 0.551461
vn -0.935649 0.164612 -0.312193
vn -0.635949 -0.743937 -0.205247
vn -0.635949 -0.743937 -0.205247
vn -0.948482 0.110319 -0.297003
vn -0.355356 0.055813 -0.933063
vn -0.355356 0.055813 -0.933063
vn -0.302264 0.156404 -0.940305
vn -0.302264 0.156404 -0.940305
vn -0.859796 0.428461 -0.277798
vn -0.089663 0.995547 0.029083
vn -0.089663 0.995548 0.029083
vn -0.860103 0.425952 0.280692
vn -0.818726 -0.509479 -0.264801
vn -0.818726 -0.509479 -0.264801
vn -0.945404 0.109099 0.307097
vn -0.522304 -0.852759 0.000114
vn -0.522305 -0.852759 0.000114
vn -0.934349 0.164299 0.316224
vn -0.349386 0.052565 0.935503
vn -0.349386 0.052565 0.935503
vn -0.940456 0.164626 0.297391
vn -0.635143 -0.743930 0.207756
vn -0.635143 -0.743930 0.207756
vn -0.941913 0.110324 0.317221
vn -0.835928 0.055814 -0.545994
vn -0.835928 0.055814 -0.545994
vn -0.797235 0.156401 -0.583056
vn -0.797235 0.156401 -0.583056
vn -0.858873 0.428464 0.280633
vn -0.055444 0.995547 0.076234
vn -0.055444 0.995547 0.076234
vn -0.530852 0.425951 0.732640
vn -0.818009 -0.509481 0.267001
vn -0.818009 -0.509481 0.267001
vn -0.584363 0.109105 0.804124
vn -0.422487 -0.852759 0.307093
vn -0.422487 -0.852760 0.307093
vn -0.570043 0.164292 0.805021
vn 0.267238 0.052566 0.962196
vn 0.267238 0.052566 0.962196
vn -0.586046 0.164617 0.793380
vn -0.391725 -0.743934 0.541401
vn -0.391724 -0.743934 0.541401
vn -0.575571 0.110321 0.810276
vn -0.997207 0.055813 0.049628
vn -0.997207 0.055813 0.049628
vn -0.987687 0.156411 -0.003092
vn -0.987687 0.156411 -0.003092
vn -0.529890 0.428473 0.731866
vn -0.000046 0.995547 0.094272
vn -0.000046 0.995547 0.094272
vn 0.001166 0.425961 0.904741
vn -0.504842 -0.509499 0.696811
vn -0.504842 -0.509499 0.696811
vn -0.000077 0.109104 0.994030
vn -0.161294 -0.852759 0.496776
vn -0.161294 -0.852759 0.496776
vn 0.012016 0.164288 0.986339
vn 0.781741 0.052565 0.621384
vn 0.781741 0.052565 0.621384
vn -0.007789 0.164614 0.986327
vn 0.001318 -0.743929 0.668257
vn 0.001318 -0.743929 0.668257
vn 0.010612 0.110323 0.993839
vn -0.777588 0.055813 0.626292
vn -0.777588 0.055813 0.626292
vn -0.800881 0.156403 0.578038
vn -0.800881 0.156403 0.578038
vn 0.001491 0.428470 0.903555
vn 0.055370 0.995548 0.076281
vn 0.055370 0.995548 0.076281
vn 0.532728 0.425967 0.731268
vn 0.001158 -0.509495 0.860473
vn 0.001158 -0.509494 0.860473
vn 0.584187 0.109106 0.804252
vn 0.161507 -0.852759 0.496706
vn 0.161507 -0.852760 0.496706
vn 0.589466 0.164297 0.790909
vn 0.997682 0.052566 0.043206
vn 0.997682 0.052566 0.043206
vn 0.573449 0.164623 0.802531
vn 0.393853 -0.743936 0.539852
vn 0.393853 -0.743936 0.539852
vn 0.592757 0.110324 0.797790
vn -0.260953 0.055812 0.963737
vn -0.260953 0.055812 0.963737
vn -0.308136 0.156413 0.938396
vn -0.308136 0.156413 0.938396
vn 0.532294 0.428478 0.730116
vn 0.089634 0.995548 0.029170
vn 0.089634 0.995548 0.029170
vn 0.860824 0.425950 0.278475
vn 0.506712 -0.509495 0.695455
vn 0.506712 -0.509495 0.695455
vn 0.945350 0.109101 0.307263
vn 0.422619 -0.852759 0.306912
vn 0.422619 -0.852759 0.306912
vn 0.941778 0.164271 0.293375
vn 0.832540 0.052565 -0.551466
vn 0.832540 0.052565 -0.551466
vn 0.935651 0.164598 0.312194
vn 0.635960 -0.743927 0.205250
vn 0.635960 -0.743927 0.205250
vn 0.948482 0.110321 0.297004
vn 0.355353 0.055812 0.933064
vn 0.355353 0.055812 0.933064
vn 0.302260 0.156402 0.940307
vn 0.302260 0.156402 0.940307
vn 0.859793 0.428468 0.277797
vn 0.818009 -0.509481 -0.267004
vn 0.818009 -0.509481 -0.267004
vn 0.818727 -0.509477 0.264800
vn 0.818727 -0.509477 0.264800
vn 0.945409 0.109102 -0.307080
vn 0.522313 -0.852754 -0.000111
vn 0.522313 -0.852754 -0.000111
vn 0.349388 0.052565 -0.935503
vn 0.349388 0.052565 -0.935503
vn -0.134502 0.973453 0.185200
vn -0.134502 0.973453 0.185200
vn 0.436380 0.695268 -0.571117
vn 0.678109 0.695206 -0.238446
vn -0.217658 0.973456 0.070764
vn -0.217658 0.973456 0.070764
vn 0.711932 0.654896 -0.253502
vn 0.248804 0.249367 -0.935902
vn 0.248804 0.249367 -0.935902
vn 0.966600 0.250927 0.052149
vn 0.966600 0.250927 0.052149
vn 0.460939 0.654997 -0.598760
vn 0.000043 0.973452 0.228892
vn 0.000043 0.973452 0.228892
vn 0.017337 0.695277 -0.718533
vn 0.570749 -0.234899 -0.786809
vn 0.570749 -0.234899 -0.786809
vn 0.812653 0.250917 -0.525961
vn 0.812653 0.250917 -0.525962
vn 0.020946 0.654990 -0.755347
vn 0.134570 0.973454 0.185144
vn 0.134570 0.973454 0.185144
vn -0.408322 0.695272 -0.591498
vn -0.000740 -0.234885 -0.972023
vn -0.000740 -0.234885 -0.972023
vn 0.348293 0.250916 -0.903179
vn 0.348293 0.250916 -0.903179
vn -0.427029 0.654998 -0.623397
vn 0.217693 0.973454 0.070692
vn 0.217693 0.973454 0.070692
vn -0.678006 0.695278 -0.238530
vn -0.571933 -0.234893 -0.785951
vn -0.571932 -0.234893 -0.785951
vn -0.249104 0.250924 -0.935406
vn -0.249104 0.250924 -0.935406
vn -0.711898 0.654998 -0.253335
vn 0.217664 0.973455 -0.070767
vn 0.217664 0.973455 -0.070767
vn -0.688727 0.695273 0.205547
vn -0.924674 -0.234886 -0.299678
vn -0.924674 -0.234886 -0.299678
vn -0.751344 0.250923 -0.610344
vn -0.751344 0.250923 -0.610344
vn -0.724847 0.654998 0.213482
vn 0.134502 0.973453 -0.185200
vn 0.134502 0.973453 -0.185200
vn -0.436375 0.695275 0.571113
vn -0.924219 -0.234886 0.301078
vn -0.924219 -0.234886 0.301078
vn -0.966602 0.250922 -0.052146
vn -0.966602 0.250922 -0.052146
vn -0.460929 0.654994 0.598771
vn -0.000043 0.973455 -0.228877
vn -0.000043 0.973455 -0.228877
vn -0.017342 0.695276 0.718534
vn -0.570742 -0.234882 0.786819
vn -0.570742 -0.234882 0.786819
vn -0.812656 0.250915 0.525958
vn -0.812656 0.250915 0.525958
vn -0.020952 0.654995 0.755343
vn -0.134565 0.973457 -0.185132
vn -0.134565 0.973457 -0.185132
vn 0.408314 0.695273 0.591503
vn 0.000739 -0.234881 0.972024
vn 0.000739 -0.234881 0.972024
vn -0.348296 0.250924 0.903176
vn -0.348296 0.250924 0.903176
vn 0.427026 0.654997 0.623401
vn -0.217684 0.973456 -0.070689
vn -0.217684 0.973456 -0.070689
vn 0.678010 0.695271 0.238539
vn 0.571934 -0.234880 0.785953
vn 0.571934 -0.234880 0.785954
vn 0.249107 0.250926 0.935404
vn 0.249107 0.250926 0.935404
vn 0.711898 0.654993 0.253350
vn 0.924221 -0.234877 -0.301079
vn 0.924221 -0.234877 -0.301079
vn 0.924680 -0.234878 0.299666
vn 0.924680 -0.234878 0.299666
vn -0.311728 0.847766 0.429091
vn -0.311728 0.847766 0.429091
vn 0.304789 0.893116 -0.330829
vn 0.408913 0.893225 -0.186919
vn -0.504406 0.847765 0.163915
vn -0.504406 0.847765 0.163915
vn 0.489877 0.840132 -0.232808
vn 0.169189 0.333367 -0.927492
vn 0.169189 0.333367 -0.927492
vn 0.934486 0.333082 0.125666
vn 0.934486 0.333082 0.125666
vn 0.373707 0.839920 -0.393544
vn 0.000023 0.847772 0.530361
vn 0.000023 0.847772 0.530361
vn 0.052122 0.893118 -0.446792
vn 0.587042 0.057909 -0.807483
vn 0.587042 0.057909 -0.807483
vn 0.829874 0.333082 -0.447621
vn 0.829874 0.333082 -0.447621
vn 0.071009 0.839921 -0.538043
vn 0.311769 0.847762 0.429069
vn 0.311769 0.847762 0.429069
vn -0.220456 0.893114 -0.392105
vn 0.000309 0.057906 -0.998322
vn 0.000309 0.057906 -0.998322
vn 0.408278 0.333084 -0.849920
vn 0.408278 0.333084 -0.849920
vn -0.258808 0.839921 -0.477024
vn 0.504420 0.847765 0.163876
vn 0.504420 0.847765 0.163876
vn -0.408825 0.893114 -0.187640
vn -0.586551 0.057907 -0.807840
vn -0.586551 0.057907 -0.807840
vn -0.169261 0.333076 -0.927583
vn -0.169261 0.333076 -0.927583
vn -0.489768 0.839920 -0.233797
vn 0.504414 0.847759 -0.163923
vn 0.504414 0.847759 -0.163923
vn -0.441035 0.893116 0.088493
vn -0.949364 0.057910 -0.308794
vn -0.949365 0.057910 -0.308794
vn -0.682160 0.333075 -0.650938
vn -0.682160 0.333075 -0.650938
vn -0.533654 0.839921 0.098726
vn 0.311732 0.847766 -0.429089
vn 0.311732 0.847766 -0.429089
vn -0.304790 0.893117 0.330824
vn -0.949556 0.057910 0.308205
vn -0.949556 0.057910 0.308205
vn -0.934488 0.333079 -0.125658
vn -0.934488 0.333080 -0.125658
vn -0.373706 0.839923 0.393539
vn -0.000023 0.847770 -0.530365
vn -0.000023 0.847769 -0.530365
vn -0.052122 0.893116 0.446797
vn -0.587051 0.057907 0.807476
vn -0.587051 0.057907 0.807476
vn -0.829874 0.333080 0.447624
vn -0.829874 0.333080 0.447624
vn -0.071009 0.839923 0.538040
vn -0.311765 0.847756 -0.429084
vn -0.311765 0.847756 -0.429084
vn 0.220452 0.893116 0.392103
vn -0.000309 0.057904 0.998322
vn -0.000309 0.057904 0.998322
vn -0.408283 0.333080 0.849919
vn -0.408283 0.333080 0.849919
vn 0.258805 0.839923 0.477022
vn -0.504424 0.847761 -0.163882
vn -0.504424 0.847761 -0.163882
vn 0.408822 0.893116 0.187638
vn 0.586551 0.057907 0.807840
vn 0.586551 0.057907 0.807840
vn 0.169258 0.333070 0.927586
vn 0.169258 0.333070 0.927586
vn 0.489769 0.839921 0.233794
vn 0.949556 0.057905 -0.308205
vn 0.949556 0.057905 -0.308205
vn 0.949364 0.057914 0.308794
vn 0.949364 0.057914 0.308794
vn -0.455443 0.632171 0.626842
vn -0.455443 0.632171 0.626842
vn 0.080562 0.993755 -0.077208
vn 0.098308 0.993752 -0.052850
vn -0.736913 0.632167 0.239426
vn -0.736913 0.632167 0.239426
vn 0.064540 0.422897 -0.903877
vn 0.064540 0.422897 -0.903877
vn 0.879577 0.422907 0.217930
vn 0.879577 0.422907 0.217930
vn -0.000008 0.632160 0.774838
vn -0.000008 0.632160 0.774838
vn 0.019786 0.993755 -0.109818
vn 0.839684 0.422909 -0.340704
vn 0.839684 0.422910 -0.340704
vn 0.455432 0.632175 0.626846
vn 0.455432 0.632175 0.626846
vn -0.048537 0.993755 -0.100477
vn 0.479076 0.422919 -0.769172
vn 0.479076 0.422919 -0.769172
vn 0.736907 0.632167 0.239443
vn 0.736907 0.632167 0.239443
vn -0.098321 0.993755 -0.052758
vn -0.064541 0.422908 -0.903871
vn -0.064541 0.422908 -0.903871
vn 0.736910 0.632170 -0.239425
vn 0.736910 0.632170 -0.239425
vn -0.110549 0.993756 0.015121
vn -0.583493 0.422909 -0.693314
vn -0.583493 0.422909 -0.693314
vn 0.455450 0.632180 -0.626829
vn 0.455450 0.632180 -0.626829
vn -0.080551 0.993756 0.077204
vn -0.879575 0.422913 -0.217929
vn -0.879575 0.422913 -0.217929
vn 0.000008 0.632163 -0.774836
vn 0.000008 0.632163 -0.774836
vn -0.019786 0.993754 0.109822
vn -0.839687 0.422913 0.340691
vn -0.839687 0.422913 0.340691
vn -0.455432 0.632175 -0.626846
vn -0.455432 0.632175 -0.626846
vn 0.048537 0.993755 0.100477
vn -0.479065 0.422911 0.769184
vn -0.479065 0.422911 0.769184
vn -0.736902 0.632174 -0.239441
vn -0.736902 0.632174 -0.239441
vn 0.098321 0.993755 0.052760
vn 0.064540 0.422906 0.903872
vn 0.064540 0.422906 0.903872
vn 0.000000 -1.000000 0.000000
vn 0.000000 -1.000000 0.000000
vn 0.000000 -1.000000 0.000000
vn 0.000000 -1.000000 0.000000
vn 0.000000 -1.000000 0.000000
vn 0.000000 -1.000000 0.000000
vn 0.000000 -1.000000 0.000000
vn 0.000000 -1.000000 0.000000
vn 0.000000 -1.000000 0.000000
vn 0.000000 -1.000000 0.000000
vn 0.000000 -1.000000 0.000000
vn 0.000000 -1.000000 0.000000
vn 0.000000 -1.000000 0.000000
vn 0.000000 -1.000000 0.000000
vn 0.000000 -1.000000 0.000000
vn 0.000000 -1.000000 0.000000
vn 0.000000 -1.000000 0.000000
vn 0.000000 -1.000000 0.000000
vn 0.000000 -1.000000 0.000000
vn 0.000000 -1.000000 0.000000
s 1
g pCylinder3
usemtl lambert1SG
f 2/2/1 1/1/2 23/23/3
f 3/3/4 2/2/1 23/23/3
f 4/4/5 3/3/4 23/23/3
f 5/5/6 4/4/5 23/23/3
f 6/6/7 5/5/6 23/23/3
f 7/7/8 6/6/7 23/23/3
f 8/8/9 7/7/8 23/23/3
f 9/9/10 8/8/9 23/23/3
f 10/10/11 9/9/10 23/23/3
f 11/11/12 10/10/11 23/23/3
s 2
usemtl lambert5SG
f 301/323/13 302/324/14 303/325/15
f 302/324/14 304/326/16 303/325/15
f 304/326/16 305/327/17 303/325/15
f 305/327/17 306/328/18 303/325/15
f 306/328/18 307/329/19 303/325/15
f 307/329/19 308/330/20 303/325/15
f 308/330/20 309/331/21 303/325/15
f 309/331/21 310/332/22 303/325/15
f 310/332/22 311/333/23 303/325/15
f 311/333/23 312/334/24 303/325/15
s 3
usemtl lambert4SG
f 1/25/25 2/26/26 27/118/27 25/27/28
f 2/26/26 3/28/29 29/121/30 27/118/27
f 3/28/29 4/29/31 31/125/32 29/121/30
f 4/29/31 5/30/33 33/129/34 31/125/32
f 5/30/33 6/31/35 35/133/36 33/129/34
f 6/31/35 7/32/37 37/137/38 35/133/36
f 7/32/37 8/33/39 39/141/40 37/137/38
f 8/33/39 9/34/41 41/145/42 39/141/40
f 9/34/41 10/35/43 43/149/44 41/145/42
f 10/35/43 11/36/45 46/154/46 43/149/44
s 4
f 26/116/47 28/123/48 49/160/49 47/37/50
f 28/123/48 30/127/51 51/163/52 49/160/49
f 30/127/51 32/131/53 53/167/54 51/163/52
f 32/131/53 34/135/55 55/171/56 53/167/54
f 34/135/55 36/139/57 57/175/58 55/171/56
f 36/139/57 38/143/59 59/179/60 57/175/58
f 38/143/59 40/147/61 61/183/62 59/179/60
f 40/147/61 42/151/63 63/187/64 61/183/62
f 42/151/63 44/156/65 65/191/66 63/187/64
f 44/156/65 45/38/67 68/196/68 65/191/66
s 5
f 48/158/69 50/165/70 71/202/71 69/39/72
f 50/165/70 52/169/73 73/205/74 71/202/71
f 52/169/73 54/173/75 75/209/76 73/205/74
f 54/173/75 56/177/77 77/213/78 75/209/76
f 56/177/77 58/181/79 79/217/80 77/213/78
f 58/181/79 60/185/81 81/221/82 79/217/80
f 60/185/81 62/189/83 83/225/84 81/221/82
f 62/189/83 64/193/85 85/229/86 83/225/84
f 64/193/85 66/198/87 87/233/88 85/229/86
f 66/198/87 67/40/89 90/238/90 87/233/88
s 6
f 70/200/91 72/207/92 13/42/93 12/41/94
f 72/207/92 74/211/95 14/43/96 13/42/93
f 74/211/95 76/215/97 15/44/98 14/43/96
f 76/215/97 78/219/99 16/45/100 15/44/98
f 78/219/99 80/223/101 17/46/102 16/45/100
f 80/223/101 82/227/103 18/47/104 17/46/102
f 82/227/103 84/231/105 19/48/106 18/47/104
f 84/231/105 86/235/107 20/49/108 19/48/106
f 86/235/107 88/240/109 21/52/110 20/49/108
f 88/240/109 89/50/111 22/51/112 21/52/110
s 7
usemtl lambert1SG
f 93/53/113 92/245/114 95/246/115 94/54/116
s 8
f 92/245/117 91/117/118 96/119/119 95/246/120
s 9
f 159/74/121 158/267/122 161/268/123 160/75/124
s 10
f 158/267/125 157/159/126 162/161/127 161/268/128
s 11
f 225/95/129 224/289/130 227/290/131 226/96/132
s 12
f 224/289/133 223/201/134 228/203/135 227/290/136
s 7
f 93/53/113 94/54/116 97/55/137 102/56/138
f 102/56/138 97/55/137 103/57/139 108/58/140
f 108/58/140 103/57/139 109/59/141 114/60/142
f 114/60/142 109/59/141 115/61/143 120/62/144
f 120/62/144 115/61/143 121/63/145 126/64/146
f 126/64/146 121/63/145 127/65/147 132/66/148
f 132/66/148 127/65/147 133/67/149 138/68/150
f 138/68/150 133/67/149 139/69/151 144/70/152
f 144/70/152 139/69/151 145/71/153 150/72/154
f 150/72/154 145/71/153 151/73/155 154/242/156
s 9
f 159/74/121 160/75/124 163/76/157 168/77/158
f 168/77/158 163/76/157 169/78/159 174/79/160
f 174/79/160 169/78/159 175/80/161 180/81/162
f 180/81/162 175/80/161 181/82/163 186/83/164
f 186/83/164 181/82/163 187/84/165 192/85/166
f 192/85/166 187/84/165 193/86/167 198/87/168
f 198/87/168 193/86/167 199/88/169 204/89/170
f 204/89/170 199/88/169 205/90/171 210/91/172
f 210/91/172 205/90/171 211/92/173 216/93/174
f 216/93/174 211/92/173 217/94/175 220/243/176
s 11
f 225/95/129 226/96/132 229/97/177 234/98/178
f 234/98/178 229/97/177 235/99/179 240/100/180
f 240/100/180 235/99/179 241/101/181 246/102/182
f 246/102/182 241/101/181 247/103/183 252/104/184
f 252/104/184 247/103/183 253/105/185 258/106/186
f 258/106/186 253/105/185 259/107/187 264/108/188
f 264/108/188 259/107/187 265/109/189 270/110/190
f 270/110/190 265/109/189 271/111/191 276/112/192
f 276/112/192 271/111/191 277/113/193 282/114/194
f 282/114/194 277/113/193 283/115/195 286/244/196
s 8
f 26/116/197 25/27/198 96/119/119 91/117/118
s 13
f 25/27/199 27/118/200 99/122/201 96/119/202
s 14
f 28/123/203 26/116/204 91/117/205 100/120/206
s 13
f 27/118/200 29/121/207 105/126/208 99/122/201
s 14
f 30/127/209 28/123/203 100/120/206 106/124/210
s 13
f 29/121/207 31/125/211 111/130/212 105/126/208
s 14
f 32/131/213 30/127/209 106/124/210 112/128/214
s 13
f 31/125/211 33/129/215 117/134/216 111/130/212
s 14
f 34/135/217 32/131/213 112/128/214 118/132/218
s 13
f 33/129/215 35/133/219 123/138/220 117/134/216
s 14
f 36/139/221 34/135/217 118/132/218 124/136/222
s 13
f 35/133/219 37/137/223 129/142/224 123/138/220
s 14
f 38/143/225 36/139/221 124/136/222 130/140/226
s 13
f 37/137/223 39/141/227 135/146/228 129/142/224
s 14
f 40/147/229 38/143/225 130/140/226 136/144/230
s 13
f 39/141/227 41/145/231 141/150/232 135/146/228
s 14
f 42/151/233 40/147/229 136/144/230 142/148/234
s 13
f 41/145/231 43/149/235 147/153/236 141/150/232
s 14
f 44/156/237 42/151/233 142/148/234 148/152/238
s 13
f 43/149/235 46/154/239 153/155/240 147/153/236
s 15
f 46/154/241 45/38/242 156/157/243 153/155/244
s 14
f 45/38/245 44/156/237 148/152/238 156/157/246
s 10
f 48/158/247 47/37/248 162/161/127 157/159/126
s 16
f 47/37/249 49/160/250 165/164/251 162/161/252
s 17
f 50/165/253 48/158/254 157/159/255 166/162/256
s 16
f 49/160/250 51/163/257 171/168/258 165/164/251
s 17
f 52/169/259 50/165/253 166/162/256 172/166/260
s 16
f 51/163/257 53/167/261 177/172/262 171/168/258
s 17
f 54/173/263 52/169/259 172/166/260 178/170/264
s 16
f 53/167/261 55/171/265 183/176/266 177/172/262
s 17
f 56/177/267 54/173/263 178/170/264 184/174/268
s 16
f 55/171/265 57/175/269 189/180/270 183/176/266
s 17
f 58/181/271 56/177/267 184/174/268 190/178/272
s 16
f 57/175/269 59/179/273 195/184/274 189/180/270
s 17
f 60/185/275 58/181/271 190/178/272 196/182/276
s 16
f 59/179/273 61/183/277 201/188/278 195/184/274
s 17
f 62/189/279 60/185/275 196/182/276 202/186/280
s 16
f 61/183/277 63/187/281 207/192/282 201/188/278
s 17
f 64/193/283 62/189/279 202/186/280 208/190/284
s 16
f 63/187/281 65/191/285 213/195/286 207/192/282
s 17
f 66/198/287 64/193/283 208/190/284 214/194/288
s 16
f 65/191/285 68/196/289 219/197/290 213/195/286
s 18
f 68/196/291 67/40/292 222/199/293 219/197/294
s 17
f 67/40/295 66/198/287 214/194/288 222/199/296
s 12
f 70/200/297 69/39/298 228/203/135 223/201/134
s 19
f 69/39/299 71/202/300 231/206/301 228/203/302
s 20
f 72/207/303 70/200/304 223/201/305 232/204/306
s 19
f 71/202/300 73/205/307 237/210/308 231/206/301
s 20
f 74/211/309 72/207/303 232/204/306 238/208/310
s 19
f 73/205/307 75/209/311 243/214/312 237/210/308
s 20
f 76/215/313 74/211/309 238/208/310 244/212/314
s 19
f 75/209/311 77/213/315 249/218/316 243/214/312
s 20
f 78/219/317 76/215/313 244/212/314 250/216/318
s 19
f 77/213/315 79/217/319 255/222/320 249/218/316
s 20
f 80/223/321 78/219/317 250/216/318 256/220/322
s 19
f 79/217/319 81/221/323 261/226/324 255/222/320
s 20
f 82/227/325 80/223/321 256/220/322 262/224/326
s 19
f 81/221/323 83/225/327 267/230/328 261/226/324
s 20
f 84/231/329 82/227/325 262/224/326 268/228/330
s 19
f 83/225/327 85/229/331 273/234/332 267/230/328
s 20
f 86/235/333 84/231/329 268/228/330 274/232/334
s 19
f 85/229/331 87/233/335 279/237/336 273/234/332
s 20
f 88/240/337 86/235/333 274/232/334 280/236/338
s 19
f 87/233/335 90/238/339 285/239/340 279/237/336
s 21
f 90/238/341 89/50/342 288/241/343 285/239/344
s 20
f 89/50/345 88/240/337 280/236/338 288/241/346
s 14
f 91/117/205 92/245/347 101/248/348 100/120/206
s 7
f 92/245/349 93/53/113 102/56/138 101/248/350
f 94/54/116 95/246/351 98/247/352 97/55/137
s 13
f 95/246/353 96/119/202 99/122/201 98/247/354
s 7
f 97/55/137 98/247/352 104/249/355 103/57/139
s 13
f 98/247/354 99/122/201 105/126/208 104/249/356
s 14
f 100/120/206 101/248/348 107/250/357 106/124/210
s 7
f 101/248/350 102/56/138 108/58/140 107/250/358
f 103/57/139 104/249/355 110/251/359 109/59/141
s 13
f 104/249/356 105/126/208 111/130/212 110/251/360
s 14
f 106/124/210 107/250/357 113/252/361 112/128/214
s 7
f 107/250/358 108/58/140 114/60/142 113/252/362
f 109/59/141 110/251/359 116/253/363 115/61/143
s 13
f 110/251/360 111/130/212 117/134/216 116/253/364
s 14
f 112/128/214 113/252/361 119/254/365 118/132/218
s 7
f 113/252/362 114/60/142 120/62/144 119/254/366
f 115/61/143 116/253/363 122/255/367 121/63/145
s 13
f 116/253/364 117/134/216 123/138/220 122/255/368
s 14
f 118/132/218 119/254/365 125/256/369 124/136/222
s 7
f 119/254/366 120/62/144 126/64/146 125/256/370
f 121/63/145 122/255/367 128/257/371 127/65/147
s 13
f 122/255/368 123/138/220 129/142/224 128/257/372
s 14
f 124/136/222 125/256/369 131/258/373 130/140/226
s 7
f 125/256/370 126/64/146 132/66/148 131/258/374
f 127/65/147 128/257/371 134/259/375 133/67/149
s 13
f 128/257/372 129/142/224 135/146/228 134/259/376
s 14
f 130/140/226 131/258/373 137/260/377 136/144/230
s 7
f 131/258/374 132/66/148 138/68/150 137/260/378
f 133/67/149 134/259/375 140/261/379 139/69/151
s 13
f 134/259/376 135/146/228 141/150/232 140/261/380
s 14
f 136/144/230 137/260/377 143/262/381 142/148/234
s 7
f 137/260/378 138/68/150 144/70/152 143/262/382
f 139/69/151 140/261/379 146/263/383 145/71/153
s 13
f 140/261/380 141/150/232 147/153/236 146/263/384
s 14
f 142/148/234 143/262/381 149/264/385 148/152/238
s 7
f 143/262/382 144/70/152 150/72/154 149/264/386
f 145/71/153 146/263/383 152/265/387 151/73/155
s 13
f 146/263/384 147/153/236 153/155/240 152/265/388
s 7
f 151/73/155 152/265/389 155/266/390 154/242/156
s 15
f 152/265/391 153/155/244 156/157/243 155/266/392
s 14
f 148/152/238 149/264/385 155/266/393 156/157/246
s 7
f 149/264/386 150/72/154 154/242/156 155/266/394
s 17
f 157/159/255 158/267/395 167/270/396 166/162/256
s 9
f 158/267/397 159/74/121 168/77/158 167/270/398
f 160/75/124 161/268/399 164/269/400 163/76/157
s 16
f 161/268/401 162/161/252 165/164/251 164/269/402
s 9
f 163/76/157 164/269/400 170/271/403 169/78/159
s 16
f 164/269/402 165/164/251 171/168/258 170/271/404
s 17
f 166/162/256 167/270/396 173/272/405 172/166/260
s 9
f 167/270/398 168/77/158 174/79/160 173/272/406
f 169/78/159 170/271/403 176/273/407 175/80/161
s 16
f 170/271/404 171/168/258 177/172/262 176/273/408
s 17
f 172/166/260 173/272/405 179/274/409 178/170/264
s 9
f 173/272/406 174/79/160 180/81/162 179/274/410
f 175/80/161 176/273/407 182/275/411 181/82/163
s 16
f 176/273/408 177/172/262 183/176/266 182/275/412
s 17
f 178/170/264 179/274/409 185/276/413 184/174/268
s 9
f 179/274/410 180/81/162 186/83/164 185/276/414
f 181/82/163 182/275/411 188/277/415 187/84/165
s 16
f 182/275/412 183/176/266 189/180/270 188/277/416
s 17
f 184/174/268 185/276/413 191/278/417 190/178/272
s 9
f 185/276/414 186/83/164 192/85/166 191/278/418
f 187/84/165 188/277/415 194/279/419 193/86/167
s 16
f 188/277/416 189/180/270 195/184/274 194/279/420
s 17
f 190/178/272 191/278/417 197/280/421 196/182/276
s 9
f 191/278/418 192/85/166 198/87/168 197/280/422
f 193/86/167 194/279/419 200/281/423 199/88/169
s 16
f 194/279/420 195/184/274 201/188/278 200/281/424
s 17
f 196/182/276 197/280/421 203/282/425 202/186/280
s 9
f 197/280/422 198/87/168 204/89/170 203/282/426
f 199/88/169 200/281/423 206/283/427 205/90/171
s 16
f 200/281/424 201/188/278 207/192/282 206/283/428
s 17
f 202/186/280 203/282/425 209/284/429 208/190/284
s 9
f 203/282/426 204/89/170 210/91/172 209/284/430
f 205/90/171 206/283/427 212/285/431 211/92/173
s 16
f 206/283/428 207/192/282 213/195/286 212/285/432
s 17
f 208/190/284 209/284/429 215/286/433 214/194/288
s 9
f 209/284/430 210/91/172 216/93/174 215/286/434
f 211/92/173 212/285/431 218/287/435 217/94/175
s 16
f 212/285/432 213/195/286 219/197/290 218/287/436
s 9
f 217/94/175 218/287/437 221/288/438 220/243/176
s 18
f 218/287/439 219/197/294 222/199/293 221/288/440
s 17
f 214/194/288 215/286/433 221/288/441 222/199/296
s 9
f 215/286/434 216/93/174 220/243/176 221/288/442
s 20
f 223/201/305 224/289/443 233/292/444 232/204/306
s 11
f 224/289/445 225/95/129 234/98/178 233/292/446
f 226/96/132 227/290/447 230/291/448 229/97/177
s 19
f 227/290/449 228/203/302 231/206/301 230/291/450
s 11
f 229/97/177 230/291/448 236/293/451 235/99/179
s 19
f 230/291/450 231/206/301 237/210/308 236/293/452
s 20
f 232/204/306 233/292/444 239/294/453 238/208/310
s 11
f 233/292/446 234/98/178 240/100/180 239/294/454
f 235/99/179 236/293/451 242/295/455 241/101/181
s 19
f 236/293/452 237/210/308 243/214/312 242/295/456
s 20
f 238/208/310 239/294/453 245/296/457 244/212/314
s 11
f 239/294/454 240/100/180 246/102/182 245/296/458
f 241/101/181 242/295/455 248/297/459 247/103/183
s 19
f 242/295/456 243/214/312 249/218/316 248/297/460
s 20
f 244/212/314 245/296/457 251/298/461 250/216/318
s 11
f 245/296/458 246/102/182 252/104/184 251/298/462
f 247/103/183 248/297/459 254/299/463 253/105/185
s 19
f 248/297/460 249/218/316 255/222/320 254/299/464
s 20
f 250/216/318 251/298/461 257/300/465 256/220/322
s 11
f 251/298/462 252/104/184 258/106/186 257/300/466
f 253/105/185 254/299/463 260/301/467 259/107/187
s 19
f 254/299/464 255/222/320 261/226/324 260/301/468
s 20
f 256/220/322 257/300/465 263/302/469 262/224/326
s 11
f 257/300/466 258/106/186 264/108/188 263/302/470
f 259/107/187 260/301/467 266/303/471 265/109/189
s 19
f 260/301/468 261/226/324 267/230/328 266/303/472
s 20
f 262/224/326 263/302/469 269/304/473 268/228/330
s 11
f 263/302/470 264/108/188 270/110/190 269/304/474
f 265/109/189 266/303/471 272/305/475 271/111/191
s 19
f 266/303/472 267/230/328 273/234/332 272/305/476
s 20
f 268/228/330 269/304/473 275/306/477 274/232/334
s 11
f 269/304/474 270/110/190 276/112/192 275/306/478
f 271/111/191 272/305/475 278/307/479 277/113/193
s 19
f 272/305/476 273/234/332 279/237/336 278/307/480
s 20
f 274/232/334 275/306/477 281/308/481 280/236/338
s 11
f 275/306/478 276/112/192 282/114/194 281/308/482
f 277/113/193 278/307/479 284/309/483 283/115/195
s 19
f 278/307/480 279/237/336 285/239/340 284/309/484
s 11
f 283/115/195 284/309/485 287/310/486 286/244/196
s 21
f 284/309/487 285/239/344 288/241/343 287/310/488
s 20
f 280/236/338 281/308/481 287/310/489 288/241/346
s 11
f 281/308/482 282/114/194 286/244/196 287/310/490
s 22
usemtl lambert4SG
f 12/21/491 13/20/492 290/312/493 289/311/494
f 24/24/495 12/21/491 289/311/494 291/313/496
f 13/20/492 14/19/497 292/314/498 290/312/493
f 14/19/497 15/18/499 293/315/500 292/314/498
f 15/18/499 16/17/501 294/316/502 293/315/500
f 16/17/501 17/16/503 295/317/504 294/316/502
f 17/16/503 18/15/505 296/318/506 295/317/504
f 18/15/505 19/14/507 297/319/508 296/318/506
f 19/14/507 20/13/509 298/320/510 297/319/508
f 20/13/509 21/12/511 299/321/512 298/320/510
f 21/12/511 22/22/513 300/322/514 299/321/512
f 22/22/513 24/24/495 291/313/496 300/322/514
s 23
usemtl lambert5SG
f 289/311/515 290/312/516 302/324/517 301/323/518
s 24
f 291/313/519 289/311/520 301/323/521 303/325/522
s 23
f 290/312/516 292/314/523 304/326/524 302/324/517
f 292/314/523 293/315/525 305/327/526 304/326/524
f 293/315/525 294/316/527 306/328/528 305/327/526
s off
f 294/316/529 295/317/530 307/329/531 306/328/532
f 295/317/533 296/318/534 308/330/535 307/329/536
s 25
f 296/318/537 297/319/538 309/331/539 308/330/540
f 297/319/538 298/320/541 310/332/542 309/331/539
f 298/320/541 299/321/543 311/333/544 310/332/542
f 299/321/543 300/322/545 312/334/546 311/333/544
s 24
f 300/322/547 291/313/519 303/325/522 312/334/548
s off
usemtl lambert1SG
f 314/335/549 315/336/550 317/337/551 316/338/552
usemtl lambert3SG
f 337/339/553 338/340/554 339/341/555
usemtl lambert1SG
f 313/342/556 318/343/557 317/344/558 315/336/559
usemtl lambert3SG
f 341/345/560 340/346/561 342/347/562
usemtl lambert1SG
f 313/342/563 314/335/564 316/338/565 318/343/566
f 320/348/567 322/349/568 323/350/569 321/351/570
usemtl lambert3SG
f 344/352/571 343/353/572 345/354/573
usemtl lambert1SG
f 319/355/574 321/351/575 323/356/576 324/357/577
usemtl lambert3SG
f 346/358/578 347/359/579 348/360/580
usemtl lambert1SG
f 319/355/581 324/357/582 322/349/583 320/348/584
s 26
f 316/338/585 317/337/586 326/361/587 325/362/588
f 317/337/586 318/343/589 327/363/590 326/361/587
f 318/343/589 316/338/585 325/362/588 327/363/590
s 27
f 314/335/591 313/342/592 328/364/593 329/365/594
f 313/342/592 315/336/595 330/366/596 328/364/593
f 315/336/595 314/335/591 329/365/594 330/366/596
s 28
f 322/349/597 324/357/598 331/367/599 332/368/600
f 324/357/598 323/350/601 333/369/602 331/367/599
f 323/350/601 322/349/597 332/368/600 333/369/602
s 29
f 320/348/603 321/351/604 335/370/605 334/371/606
f 321/351/604 319/355/607 336/372/608 335/370/605
f 319/355/607 320/348/603 334/371/606 336/372/608
s off
f 325/338/609 326/337/610 338/340/611 337/339/612
f 326/337/613 327/343/614 339/341/615 338/340/616
f 327/343/617 325/338/618 337/339/619 339/341/620
f 329/335/621 328/342/622 340/346/623 341/345/624
f 328/342/625 330/336/626 342/347/627 340/346/628
f 330/336/629 329/335/630 341/345/631 342/347/632
f 332/349/633 331/357/634 343/353/635 344/352/636
f 331/357/637 333/350/638 345/354/639 343/353/640
f 333/350/641 332/349/642 344/352/643 345/354/644
f 334/371/645 335/370/646 347/359/647 346/358/648
f 335/370/649 336/372/650 348/360/651 347/359/652
f 336/372/653 334/371/654 346/358/655 348/360/656
s 30
usemtl lambert6SG
f 349/373/657 350/374/658 370/375/659 369/376/660
f 350/374/658 351/377/661 371/378/662 370/375/659
f 351/377/661 352/379/663 372/380/664 371/378/662
f 352/379/663 353/381/665 373/382/666 372/380/664
f 353/381/665 354/383/667 374/384/668 373/382/666
f 354/383/667 355/385/669 375/386/670 374/384/668
f 355/385/669 356/387/671 376/388/672 375/386/670
f 356/387/671 357/389/673 377/390/674 376/388/672
f 357/389/673 358/391/675 378/392/676 377/390/674
f 358/391/675 359/393/677 379/394/678 378/392/676
f 359/393/677 360/395/679 380/396/680 379/394/678
f 360/395/679 361/397/681 381/398/682 380/396/680
f 361/397/681 362/399/683 382/400/684 381/398/682
f 362/399/683 363/401/685 383/402/686 382/400/684
f 363/401/685 364/403/687 384/404/688 383/402/686
f 364/403/687 365/405/689 385/406/690 384/404/688
f 365/405/689 366/407/691 386/408/692 385/406/690
f 366/407/691 367/409/693 387/410/694 386/408/692
f 367/409/693 368/411/695 388/412/696 387/410/694
f 368/411/695 349/413/657 369/414/660 388/412/696
s 31
f 350/415/697 349/416/698 389/417/699
f 351/418/700 350/415/697 389/417/699
f 352/419/701 351/418/700 389/417/699
f 353/420/702 352/419/701 389/417/699
f 354/421/703 353/420/702 389/417/699
f 355/422/704 354/421/703 389/417/699
f 356/423/705 355/422/704 389/417/699
f 357/424/706 356/423/705 389/417/699
f 358/425/707 357/424/706 389/417/699
f 359/426/708 358/425/707 389/417/699
f 360/427/709 359/426/708 389/417/699
f 361/428/710 360/427/709 389/417/699
f 362/429/711 361/428/710 389/417/699
f 363/430/712 362/429/711 389/417/699
f 364/431/713 363/430/712 389/417/699
f 365/432/714 364/431/713 389/417/699
f 366/433/715 365/432/714 389/417/699
f 367/434/716 366/433/715 389/417/699
f 368/435/717 367/434/716 389/417/699
f 349/416/698 368/435/717 389/417/699
s 32
f 369/436/718 370/437/719 390/438/720
f 370/437/719 371/439/721 390/438/720
f 371/439/721 372/440/722 390/438/720
f 372/440/722 373/441/723 390/438/720
f 373/441/723 374/442/724 390/438/720
f 374/442/724 375/443/725 390/438/720
f 375/443/725 376/444/726 390/438/720
f 376/444/726 377/445/727 390/438/720
f 377/445/727 378/446/728 390/438/720
f 378/446/728 379/447/729 390/438/720
f 379/447/729 380/448/730 390/438/720
f 380/448/730 381/449/731 390/438/720
f 381/449/731 382/450/732 390/438/720
f 382/450/732 383/451/733 390/438/720
f 383/451/733 384/452/734 390/438/720
f 384/452/734 385/453/735 390/438/720
f 385/453/735 386/454/736 390/438/720
f 386/454/736 387/455/737 390/438/720
f 387/455/737 388/456/738 390/438/720
f 388/456/738 369/436/718 390/438/720
s 33
f 391/457/739 392/458/740 412/459/741 411/460/742
f 392/458/740 393/461/743 413/462/744 412/459/741
f 393/461/743 394/463/745 414/464/746 413/462/744
f 394/463/745 395/465/747 415/466/748 414/464/746
f 395/465/747 396/467/749 416/468/750 415/466/748
f 396/467/749 397/469/751 417/470/752 416/468/750
f 397/469/751 398/471/753 418/472/754 417/470/752
f 398/471/753 399/473/755 419/474/756 418/472/754
f 399/473/755 400/475/757 420/476/758 419/474/756
f 400/475/757 401/477/759 421/478/760 420/476/758
f 401/477/759 402/479/761 422/480/762 421/478/760
f 402/479/761 403/481/763 423/482/764 422/480/762
f 403/481/763 404/483/765 424/484/766 423/482/764
f 404/483/765 405/485/767 425/486/768 424/484/766
f 405/485/767 406/487/769 426/488/770 425/486/768
f 406/487/769 407/489/771 427/490/772 426/488/770
f 407/489/771 408/491/773 428/492/774 427/490/772
f 408/491/773 409/493/775 429/494/776 428/492/774
f 409/493/775 410/495/777 430/496/778 429/494/776
f 410/495/777 391/497/739 411/498/742 430/496/778
f 411/460/742 412/459/741 432/499/779 431/500/780
f 412/459/741 413/462/744 433/501/781 432/499/779
f 413/462/744 414/464/746 434/502/782 433/501/781
f 414/464/746 415/466/748 435/503/783 434/502/782
f 415/466/748 416/468/750 436/504/784 435/503/783
f 416/468/750 417/470/752 437/505/785 436/504/784
f 417/470/752 418/472/754 438/506/786 437/505/785
f 418/472/754 419/474/756 439/507/787 438/506/786
f 419/474/756 420/476/758 440/508/788 439/507/787
f 420/476/758 421/478/760 441/509/789 440/508/788
f 421/478/760 422/480/762 442/510/790 441/509/789
f 422/480/762 423/482/764 443/511/791 442/510/790
f 423/482/764 424/484/766 444/512/792 443/511/791
f 424/484/766 425/486/768 445/513/793 444/512/792
f 425/486/768 426/488/770 446/514/794 445/513/793
f 426/488/770 427/490/772 447/515/795 446/514/794
f 427/490/772 428/492/774 448/516/796 447/515/795
f 428/492/774 429/494/776 449/517/797 448/516/796
f 429/494/776 430/496/778 450/518/798 449/517/797
f 430/496/778 411/498/742 431/519/780 450/518/798
f 431/500/780 432/499/779 452/520/799 451/521/800
f 432/499/779 433/501/781 453/522/801 452/520/799
f 433/501/781 434/502/782 454/523/802 453/522/801
f 434/502/782 435/503/783 455/524/803 454/523/802
f 435/503/783 436/504/784 456/525/804 455/524/803
f 436/504/784 437/505/785 457/526/805 456/525/804
f 437/505/785 438/506/786 458/527/806 457/526/805
f 438/506/786 439/507/787 459/528/807 458/527/806
f 439/507/787 440/508/788 460/529/808 459/528/807
f 440/508/788 441/509/789 461/530/809 460/529/808
f 441/509/789 442/510/790 462/531/810 461/530/809
f 442/510/790 443/511/791 463/532/811 462/531/810
f 443/511/791 444/512/792 464/533/812 463/532/811
f 444/512/792 445/513/793 465/534/813 464/533/812
f 445/513/793 446/514/794 466/535/814 465/534/813
f 446/514/794 447/515/795 467/536/815 466/535/814
f 447/515/795 448/516/796 468/537/816 467/536/815
f 448/516/796 449/517/797 469/538/817 468/537/816
f 449/517/797 450/518/798 470/539/818 469/538/817
f 450/518/798 431/519/780 451/540/800 470/539/818
f 451/521/800 452/520/799 472/541/819 471/542/820
f 452/520/799 453/522/801 473/543/821 472/541/819
f 453/522/801 454/523/802 474/544/822 473/543/821
f 454/523/802 455/524/803 475/545/823 474/544/822
f 455/524/803 456/525/804 476/546/824 475/545/823
f 456/525/804 457/526/805 477/547/825 476/546/824
f 457/526/805 458/527/806 478/548/826 477/547/825
f 458/527/806 459/528/807 479/549/827 478/548/826
f 459/528/807 460/529/808 480/550/828 479/549/827
f 460/529/808 461/530/809 481/551/829 480/550/828
f 461/530/809 462/531/810 482/552/830 481/551/829
f 462/531/810 463/532/811 483/553/831 482/552/830
f 463/532/811 464/533/812 484/554/832 483/553/831
f 464/533/812 465/534/813 485/555/833 484/554/832
f 465/534/813 466/535/814 486/556/834 485/555/833
f 466/535/814 467/536/815 487/557/835 486/556/834
f 467/536/815 468/537/816 488/558/836 487/557/835
f 468/537/816 469/538/817 489/559/837 488/558/836
f 469/538/817 470/539/818 490/560/838 489/559/837
f 470/539/818 451/540/800 471/561/820 490/560/838
f 471/542/820 472/541/819 492/562/839 491/563/840
f 472/541/819 473/543/821 493/564/841 492/562/839
f 473/543/821 474/544/822 494/565/842 493/564/841
f 474/544/822 475/545/823 495/566/843 494/565/842
f 475/545/823 476/546/824 496/567/844 495/566/843
f 476/546/824 477/547/825 497/568/845 496/567/844
f 477/547/825 478/548/826 498/569/846 497/568/845
f 478/548/826 479/549/827 499/570/847 498/569/846
f 479/549/827 480/550/828 500/571/848 499/570/847
f 480/550/828 481/551/829 501/572/849 500/571/848
f 481/551/829 482/552/830 502/573/850 501/572/849
f 482/552/830 483/553/831 503/574/851 502/573/850
f 483/553/831 484/554/832 504/575/852 503/574/851
f 484/554/832 485/555/833 505/576/853 504/575/852
f 485/555/833 486/556/834 506/577/854 505/576/853
f 486/556/834 487/557/835 507/578/855 506/577/854
f 487/557/835 488/558/836 508/579/856 507/578/855
f 488/558/836 489/559/837 509/580/857 508/579/856
f 489/559/837 490/560/838 510/581/858 509/580/857
f 490/560/838 471/561/820 491/582/840 510/581/858
f 491/563/840 492/562/839 512/583/859 511/584/860
f 492/562/839 493/564/841 513/585/861 512/583/859
f 493/564/841 494/565/842 514/586/862 513/585/861
f 494/565/842 495/566/843 515/587/863 514/586/862
f 495/566/843 496/567/844 516/588/864 515/587/863
f 496/567/844 497/568/845 517/589/865 516/588/864
f 497/568/845 498/569/846 518/590/866 517/589/865
f 498/569/846 499/570/847 519/591/867 518/590/866
f 499/570/847 500/571/848 520/592/868 519/591/867
f 500/571/848 501/572/849 521/593/869 520/592/868
f 501/572/849 502/573/850 522/594/870 521/593/869
f 502/573/850 503/574/851 523/595/871 522/594/870
f 503/574/851 504/575/852 524/596/872 523/595/871
f 504/575/852 505/576/853 525/597/873 524/596/872
f 505/576/853 506/577/854 526/598/874 525/597/873
f 506/577/854 507/578/855 527/599/875 526/598/874
f 507/578/855 508/579/856 528/600/876 527/599/875
f 508/579/856 509/580/857 529/601/877 528/600/876
f 509/580/857 510/581/858 530/602/878 529/601/877
f 510/581/858 491/582/840 511/603/860 530/602/878
f 511/584/860 512/583/859 532/604/879 531/605/880
f 512/583/859 513/585/861 533/606/881 532/604/879
f 513/585/861 514/586/862 534/607/882 533/606/881
f 514/586/862 515/587/863 535/608/883 534/607/882
f 515/587/863 516/588/864 536/609/884 535/608/883
f 516/588/864 517/589/865 537/610/885 536/609/884
f 517/589/865 518/590/866 538/611/886 537/610/885
f 518/590/866 519/591/867 539/612/887 538/611/886
f 519/591/867 520/592/868 540/613/888 539/612/887
f 520/592/868 521/593/869 541/614/889 540/613/888
f 521/593/869 522/594/870 542/615/890 541/614/889
f 522/594/870 523/595/871 543/616/891 542/615/890
f 523/595/871 524/596/872 544/617/892 543/616/891
f 524/596/872 525/597/873 545/618/893 544/617/892
f 525/597/873 526/598/874 546/619/894 545/618/893
f 526/598/874 527/599/875 547/620/895 546/619/894
f 527/599/875 528/600/876 548/621/896 547/620/895
f 528/600/876 529/601/877 549/622/897 548/621/896
f 529/601/877 530/602/878 550/623/898 549/622/897
f 530/602/878 511/603/860 531/624/880 550/623/898
f 531/605/880 532/604/879 552/625/899 551/626/900
f 532/604/879 533/606/881 553/627/901 552/625/899
f 533/606/881 534/607/882 554/628/902 553/627/901
f 534/607/882 535/608/883 555/629/903 554/628/902
f 535/608/883 536/609/884 556/630/904 555/629/903
f 536/609/884 537/610/885 557/631/905 556/630/904
f 537/610/885 538/611/886 558/632/906 557/631/905
f 538/611/886 539/612/887 559/633/907 558/632/906
f 539/612/887 540/613/888 560/634/908 559/633/907
f 540/613/888 541/614/889 561/635/909 560/634/908
f 541/614/889 542/615/890 562/636/910 561/635/909
f 542/615/890 543/616/891 563/637/911 562/636/910
f 543/616/891 544/617/892 564/638/912 563/637/911
f 544/617/892 545/618/893 565/639/913 564/638/912
f 545/618/893 546/619/894 566/640/914 565/639/913
f 546/619/894 547/620/895 567/641/915 566/640/914
f 547/620/895 548/621/896 568/642/916 567/641/915
f 548/621/896 549/622/897 569/643/917 568/642/916
f 549/622/897 550/623/898 570/644/918 569/643/917
f 550/623/898 531/624/880 551/645/900 570/644/918
f 551/626/900 552/625/899 572/646/919 571/647/920
f 552/625/899 553/627/901 573/648/921 572/646/919
f 553/627/901 554/628/902 574/649/922 573/648/921
f 554/628/902 555/629/903 575/650/923 574/649/922
f 555/629/903 556/630/904 576/651/924 575/650/923
f 556/630/904 557/631/905 577/652/925 576/651/924
f 557/631/905 558/632/906 578/653/926 577/652/925
f 558/632/906 559/633/907 579/654/927 578/653/926
f 559/633/907 560/634/908 580/655/928 579/654/927
f 560/634/908 561/635/909 581/656/929 580/655/928
f 561/635/909 562/636/910 582/657/930 581/656/929
f 562/636/910 563/637/911 583/658/931 582/657/930
f 563/637/911 564/638/912 584/659/932 583/658/931
f 564/638/912 565/639/913 585/660/933 584/659/932
f 565/639/913 566/640/914 586/661/934 585/660/933
f 566/640/914 567/641/915 587/662/935 586/661/934
f 567/641/915 568/642/916 588/663/936 587/662/935
f 568/642/916 569/643/917 589/664/937 588/663/936
f 569/643/917 570/644/918 590/665/938 589/664/937
f 570/644/918 551/645/900 571/666/920 590/665/938
f 571/647/920 572/646/919 592/667/939 591/668/940
f 572/646/919 573/648/921 593/669/941 592/667/939
f 573/648/921 574/649/922 594/670/942 593/669/941
f 574/649/922 575/650/923 595/671/943 594/670/942
f 575/650/923 576/651/924 596/672/944 595/671/943
f 576/651/924 577/652/925 597/673/945 596/672/944
f 577/652/925 578/653/926 598/674/946 597/673/945
f 578/653/926 579/654/927 599/675/947 598/674/946
f 579/654/927 580/655/928 600/676/948 599/675/947
f 580/655/928 581/656/929 601/677/949 600/676/948
f 581/656/929 582/657/930 602/678/950 601/677/949
f 582/657/930 583/658/931 603/679/951 602/678/950
f 583/658/931 584/659/932 604/680/952 603/679/951
f 584/659/932 585/660/933 605/681/953 604/680/952
f 585/660/933 586/661/934 606/682/954 605/681/953
f 586/661/934 587/662/935 607/683/955 606/682/954
f 587/662/935 588/663/936 608/684/956 607/683/955
f 588/663/936 589/664/937 609/685/957 608/684/956
f 589/664/937 590/665/938 610/686/958 609/685/957
f 590/665/938 571/666/920 591/687/940 610/686/958
f 591/668/940 592/667/939 612/688/959 611/689/960
f 592/667/939 593/669/941 613/690/961 612/688/959
f 593/669/941 594/670/942 614/691/962 613/690/961
f 594/670/942 595/671/943 615/692/963 614/691/962
f 595/671/943 596/672/944 616/693/964 615/692/963
f 596/672/944 597/673/945 617/694/965 616/693/964
f 597/673/945 598/674/946 618/695/966 617/694/965
f 598/674/946 599/675/947 619/696/967 618/695/966
f 599/675/947 600/676/948 620/697/968 619/696/967
f 600/676/948 601/677/949 621/698/969 620/697/968
f 601/677/949 602/678/950 622/699/970 621/698/969
f 602/678/950 603/679/951 623/700/971 622/699/970
f 603/679/951 604/680/952 624/701/972 623/700/971
f 604/680/952 605/681/953 625/702/973 624/701/972
f 605/681/953 606/682/954 626/703/974 625/702/973
f 606/682/954 607/683/955 627/704/975 626/703/974
f 607/683/955 608/684/956 628/705/976 627/704/975
f 608/684/956 609/685/957 629/706/977 628/705/976
f 609/685/957 610/686/958 630/707/978 629/706/977
f 610/686/958 591/687/940 611/708/960 630/707/978
f 611/689/960 612/688/959 632/709/979 631/710/980
f 612/688/959 613/690/961 633/711/981 632/709/979
f 613/690/961 614/691/962 634/712/982 633/711/981
f 614/691/962 615/692/963 635/713/983 634/712/982
f 615/692/963 616/693/964 636/714/984 635/713/983
f 616/693/964 617/694/965 637/715/985 636/714/984
f 617/694/965 618/695/966 638/716/986 637/715/985
f 618/695/966 619/696/967 639/717/987 638/716/986
f 619/696/967 620/697/968 640/718/988 639/717/987
f 620/697/968 621/698/969 641/719/989 640/718/988
f 621/698/969 622/699/970 642/720/990 641/719/989
f 622/699/970 623/700/971 643/721/991 642/720/990
f 623/700/971 624/701/972 644/722/992 643/721/991
f 624/701/972 625/702/973 645/723/993 644/722/992
f 625/702/973 626/703/974 646/724/994 645/723/993
f 626/703/974 627/704/975 647/725/995 646/724/994
f 627/704/975 628/705/976 648/726/996 647/725/995
f 628/705/976 629/706/977 649/727/997 648/726/996
f 629/706/977 630/707/978 650/728/998 649/727/997
f 630/707/978 611/708/960 631/729/980 650/728/998
f 631/710/980 632/709/979 652/730/999 651/731/1000
f 632/709/979 633/711/981 653/732/1001 652/730/999
f 633/711/981 634/712/982 654/733/1002 653/732/1001
f 634/712/982 635/713/983 655/734/1003 654/733/1002
f 635/713/983 636/714/984 656/735/1004 655/734/1003
f 636/714/984 637/715/985 657/736/1005 656/735/1004
f 637/715/985 638/716/986 658/737/1006 657/736/1005
f 638/716/986 639/717/987 659/738/1007 658/737/1006
f 639/717/987 640/718/988 660/739/1008 659/738/1007
f 640/718/988 641/719/989 661/740/1009 660/739/1008
f 641/719/989 642/720/990 662/741/1010 661/740/1009
f 642/720/990 643/721/991 663/742/1011 662/741/1010
f 643/721/991 644/722/992 664/743/1012 663/742/1011
f 644/722/992 645/723/993 665/744/1013 664/743/1012
f 645/723/993 646/724/994 666/745/1014 665/744/1013
f 646/724/994 647/725/995 667/746/1015 666/745/1014
f 647/725/995 648/726/996 668/747/1016 667/746/1015
f 648/726/996 649/727/997 669/748/1017 668/747/1016
f 649/727/997 650/728/998 670/749/1018 669/748/1017
f 650/728/998 631/729/980 651/750/1000 670/749/1018
f 651/731/1000 652/730/999 672/751/1019 671/752/1020
f 652/730/999 653/732/1001 673/753/1021 672/751/1019
f 653/732/1001 654/733/1002 674/754/1022 673/753/1021
f 654/733/1002 655/734/1003 675/755/1023 674/754/1022
f 655/734/1003 656/735/1004 676/756/1024 675/755/1023
f 656/735/1004 657/736/1005 677/757/1025 676/756/1024
f 657/736/1005 658/737/1006 678/758/1026 677/757/1025
f 658/737/1006 659/738/1007 679/759/1027 678/758/1026
f 659/738/1007 660/739/1008 680/760/1028 679/759/1027
f 660/739/1008 661/740/1009 681/761/1029 680/760/1028
f 661/740/1009 662/741/1010 682/762/1030 681/761/1029
f 662/741/1010 663/742/1011 683/763/1031 682/762/1030
f 663/742/1011 664/743/1012 684/764/1032 683/763/1031
f 664/743/1012 665/744/1013 685/765/1033 684/764/1032
f 665/744/1013 666/745/1014 686/766/1034 685/765/1033
f 666/745/1014 667/746/1015 687/767/1035 686/766/1034
f 667/746/1015 668/747/1016 688/768/1036 687/767/1035
f 668/747/1016 669/748/1017 689/769/1037 688/768/1036
f 669/748/1017 670/749/1018 690/770/1038 689/769/1037
f 670/749/1018 651/750/1000 671/771/1020 690/770/1038
f 671/752/1020 672/751/1019 692/772/1039 691/773/1040
f 672/751/1019 673/753/1021 693/774/1041 692/772/1039
f 673/753/1021 674/754/1022 694/775/1042 693/774/1041
f 674/754/1022 675/755/1023 695/776/1043 694/775/1042
f 675/755/1023 676/756/1024 696/777/1044 695/776/1043
f 676/756/1024 677/757/1025 697/778/1045 696/777/1044
f 677/757/1025 678/758/1026 698/779/1046 697/778/1045
f 678/758/1026 679/759/1027 699/780/1047 698/779/1046
f 679/759/1027 680/760/1028 700/781/1048 699/780/1047
f 680/760/1028 681/761/1029 701/782/1049 700/781/1048
f 681/761/1029 682/762/1030 702/783/1050 701/782/1049
f 682/762/1030 683/763/1031 703/784/1051 702/783/1050
f 683/763/1031 684/764/1032 704/785/1052 703/784/1051
f 684/764/1032 685/765/1033 705/786/1053 704/785/1052
f 685/765/1033 686/766/1034 706/787/1054 705/786/1053
f 686/766/1034 687/767/1035 707/788/1055 706/787/1054
f 687/767/1035 688/768/1036 708/789/1056 707/788/1055
f 688/768/1036 689/769/1037 709/790/1057 708/789/1056
f 689/769/1037 690/770/1038 710/791/1058 709/790/1057
f 690/770/1038 671/771/1020 691/792/1040 710/791/1058
f 691/773/1040 692/772/1039 712/793/1059 711/794/1060
f 692/772/1039 693/774/1041 713/795/1061 712/793/1059
f 693/774/1041 694/775/1042 714/796/1062 713/795/1061
f 694/775/1042 695/776/1043 715/797/1063 714/796/1062
f 695/776/1043 696/777/1044 716/798/1064 715/797/1063
f 696/777/1044 697/778/1045 717/799/1065 716/798/1064
f 697/778/1045 698/779/1046 718/800/1066 717/799/1065
f 698/779/1046 699/780/1047 719/801/1067 718/800/1066
f 699/780/1047 700/781/1048 720/802/1068 719/801/1067
f 700/781/1048 701/782/1049 721/803/1069 720/802/1068
f 701/782/1049 702/783/1050 722/804/1070 721/803/1069
f 702/783/1050 703/784/1051 723/805/1071 722/804/1070
f 703/784/1051 704/785/1052 724/806/1072 723/805/1071
f 704/785/1052 705/786/1053 725/807/1073 724/806/1072
f 705/786/1053 706/787/1054 726/808/1074 725/807/1073
f 706/787/1054 707/788/1055 727/809/1075 726/808/1074
f 707/788/1055 708/789/1056 728/810/1076 727/809/1075
f 708/789/1056 709/790/1057 729/811/1077 728/810/1076
f 709/790/1057 710/791/1058 730/812/1078 729/811/1077
f 710/791/1058 691/792/1040 711/813/1060 730/812/1078
f 711/794/1060 712/793/1059 732/814/1079 731/815/1080
f 712/793/1059 713/795/1061 733/816/1081 732/814/1079
f 713/795/1061 714/796/1062 734/817/1082 733/816/1081
f 714/796/1062 715/797/1063 735/818/1083 734/817/1082
f 715/797/1063 716/798/1064 736/819/1084 735/818/1083
f 716/798/1064 717/799/1065 737/820/1085 736/819/1084
f 717/799/1065 718/800/1066 738/821/1086 737/820/1085
f 718/800/1066 719/801/1067 739/822/1087 738/821/1086
f 719/801/1067 720/802/1068 740/823/1088 739/822/1087
f 720/802/1068 721/803/1069 741/824/1089 740/823/1088
f 721/803/1069 722/804/1070 742/825/1090 741/824/1089
f 722/804/1070 723/805/1071 743/826/1091 742/825/1090
f 723/805/1071 724/806/1072 744/827/1092 743/826/1091
f 724/806/1072 725/807/1073 745/828/1093 744/827/1092
f 725/807/1073 726/808/1074 746/829/1094 745/828/1093
f 726/808/1074 727/809/1075 747/830/1095 746/829/1094
f 727/809/1075 728/810/1076 748/831/1096 747/830/1095
f 728/810/1076 729/811/1077 749/832/1097 748/831/1096
f 729/811/1077 730/812/1078 750/833/1098 749/832/1097
f 730/812/1078 711/813/1060 731/834/1080 750/833/1098
f 731/815/1080 732/814/1079 752/835/1099 751/836/1100
f 732/814/1079 733/816/1081 753/837/1101 752/835/1099
f 733/816/1081 734/817/1082 754/838/1102 753/837/1101
f 734/817/1082 735/818/1083 755/839/1103 754/838/1102
f 735/818/1083 736/819/1084 756/840/1104 755/839/1103
f 736/819/1084 737/820/1085 757/841/1105 756/840/1104
f 737/820/1085 738/821/1086 758/842/1106 757/841/1105
f 738/821/1086 739/822/1087 759/843/1107 758/842/1106
f 739/822/1087 740/823/1088 760/844/1108 759/843/1107
f 740/823/1088 741/824/1089 761/845/1109 760/844/1108
f 741/824/1089 742/825/1090 762/846/1110 761/845/1109
f 742/825/1090 743/826/1091 763/847/1111 762/846/1110
f 743/826/1091 744/827/1092 764/848/1112 763/847/1111
f 744/827/1092 745/828/1093 765/849/1113 764/848/1112
f 745/828/1093 746/829/1094 766/850/1114 765/849/1113
f 746/829/1094 747/830/1095 767/851/1115 766/850/1114
f 747/830/1095 748/831/1096 768/852/1116 767/851/1115
f 748/831/1096 749/832/1097 769/853/1117 768/852/1116
f 749/832/1097 750/833/1098 770/854/1118 769/853/1117
f 750/833/1098 731/834/1080 751/855/1100 770/854/1118
f 392/458/740 391/457/739 771/856/1119
f 393/461/743 392/458/740 771/857/1119
f 394/463/745 393/461/743 771/858/1119
f 395/465/747 394/463/745 771/859/1119
f 396/467/749 395/465/747 771/860/1119
f 397/469/751 396/467/749 771/861/1119
f 398/471/753 397/469/751 771/862/1119
f 399/473/755 398/471/753 771/863/1119
f 400/475/757 399/473/755 771/864/1119
f 401/477/759 400/475/757 771/865/1119
f 402/479/761 401/477/759 771/866/1119
f 403/481/763 402/479/761 771/867/1119
f 404/483/765 403/481/763 771/868/1119
f 405/485/767 404/483/765 771/869/1119
f 406/487/769 405/485/767 771/870/1119
f 407/489/771 406/487/769 771/871/1119
f 408/491/773 407/489/771 771/872/1119
f 409/493/775 408/491/773 771/873/1119
f 410/495/777 409/493/775 771/874/1119
f 391/497/739 410/495/777 771/875/1119
f 751/836/1100 752/835/1099 772/876/1120
f 752/835/1099 753/837/1101 772/877/1120
f 753/837/1101 754/838/1102 772/878/1120
f 754/838/1102 755/839/1103 772/879/1120
f 755/839/1103 756/840/1104 772/880/1120
f 756/840/1104 757/841/1105 772/881/1120
f 757/841/1105 758/842/1106 772/882/1120
f 758/842/1106 759/843/1107 772/883/1120
f 759/843/1107 760/844/1108 772/884/1120
f 760/844/1108 761/845/1109 772/885/1120
f 761/845/1109 762/846/1110 772/886/1120
f 762/846/1110 763/847/1111 772/887/1120
f 763/847/1111 764/848/1112 772/888/1120
f 764/848/1112 765/849/1113 772/889/1120
f 765/849/1113 766/850/1114 772/890/1120
f 766/850/1114 767/851/1115 772/891/1120
f 767/851/1115 768/852/1116 772/892/1120
f 768/852/1116 769/853/1117 772/893/1120
f 769/853/1117 770/854/1118 772/894/1120
f 770/854/1118 751/855/1100 772/895/1120
s off
usemtl lambert2SG
f 775/896/1121 933/897/1122 936/898/1123 778/899/1124
usemtl lambert1SG
f 779/900/1125 935/901/1126 938/902/1127 782/903/1128
usemtl lambert2SG
f 783/904/1129 937/905/1130 940/906/1131 786/907/1132
f 787/908/1133 939/909/1134 942/910/1135 790/911/1136
f 791/912/1137 941/913/1138 944/914/1139 794/915/1140
f 795/916/1141 943/917/1142 946/918/1143 798/919/1144
f 799/920/1145 945/921/1146 948/922/1147 802/923/1148
f 803/924/1149 947/925/1150 950/926/1151 806/927/1152
f 807/928/1153 949/929/1154 952/930/1155 810/931/1156
f 811/932/1157 951/933/1158 934/934/1159 774/935/1160
f 776/936/1161 777/937/1162 818/938/1163 815/939/1164
f 780/940/1165 781/941/1166 822/942/1167 819/943/1168
f 784/944/1169 785/945/1170 826/946/1171 823/947/1172
f 788/948/1173 789/949/1174 830/950/1175 827/951/1176
f 792/952/1177 793/953/1178 834/954/1179 831/955/1180
f 796/956/1181 797/957/1182 838/958/1183 835/959/1184
f 800/960/1185 801/961/1186 842/962/1187 839/963/1188
f 804/964/1189 805/965/1190 846/966/1191 843/967/1192
f 808/968/1193 809/969/1194 850/970/1195 847/971/1196
f 812/972/1197 773/973/1198 814/974/1199 851/975/1200
f 816/976/1201 817/977/1202 858/978/1203 855/979/1204
f 820/980/1205 821/981/1206 862/982/1207 859/983/1208
f 824/984/1209 825/985/1210 866/986/1211 863/987/1212
f 828/988/1213 829/989/1214 870/990/1215 867/991/1216
f 832/992/1217 833/993/1218 874/994/1219 871/995/1220
f 836/996/1221 837/997/1222 878/998/1223 875/999/1224
f 840/1000/1225 841/1001/1226 882/1002/1227 879/1003/1228
f 844/1004/1229 845/1005/1230 886/1006/1231 883/1007/1232
f 848/1008/1233 849/1009/1234 890/1010/1235 887/1011/1236
f 852/1012/1237 813/1013/1238 854/1014/1239 891/1015/1240
f 856/1016/1241 857/1017/1242 898/1018/1243 895/1019/1244
f 860/1020/1245 861/1021/1246 902/1022/1247 899/1023/1248
f 864/1024/1249 865/1025/1250 906/1026/1251 903/1027/1252
f 868/1028/1253 869/1029/1254 910/1030/1255 907/1031/1256
f 872/1032/1257 873/1033/1258 914/1034/1259 911/1035/1260
f 876/1036/1261 877/1037/1262 918/1038/1263 915/1039/1264
f 880/1040/1265 881/1041/1266 922/1042/1267 919/1043/1268
f 884/1044/1269 885/1045/1270 926/1046/1271 923/1047/1272
f 888/1048/1273 889/1049/1274 930/1050/1275 927/1051/1276
f 892/1052/1277 853/1053/1278 894/1054/1279 931/1055/1280
f 896/1056/1281 897/1057/1282 954/1058/1283
f 900/1059/1284 901/1060/1285 955/1061/1286
f 904/1062/1287 905/1063/1288 956/1064/1289
f 908/1065/1290 909/1066/1291 957/1067/1292
f 912/1068/1293 913/1069/1294 958/1070/1295
f 916/1071/1296 917/1072/1297 959/1073/1298
f 920/1074/1299 921/1075/1300 960/1076/1301
f 924/1077/1302 925/1078/1303 961/1079/1304
f 928/1080/1305 929/1081/1306 962/1082/1307
f 932/1083/1308 893/1084/1309 953/1085/1310
s 34
usemtl lambert1SG
f 965/1086/1311 964/1087/1312 967/1088/1313 966/1089/1314
s 35
f 964/1087/1315 963/1090/1316 968/1091/1317 967/1088/1318
s 36
f 971/1092/1319 970/1093/1320 973/1094/1321 972/1095/1322
s 34
f 970/1093/1323 969/1096/1324 974/1097/1325 973/1094/1326
s 38
f 980/1098/1327 979/1099/1328 982/1100/1329 981/1101/1330
s 34
f 979/1099/1331 978/1102/1332 983/1103/1333 982/1100/1334
f 1001/1104/1335 1000/1105/1336 1003/1106/1337 1002/1107/1338
s 41
f 1000/1105/1339 999/1108/1340 1004/1109/1341 1003/1106/1342
s 34
f 1025/1110/1343 1024/1111/1344 1027/1112/1345 1026/1113/1346
s 43
f 1024/1111/1347 1023/1114/1348 1028/1115/1349 1027/1112/1350
s 34
f 1049/1116/1351 1048/1117/1352 1051/1118/1353 1050/1119/1354
s 45
f 1048/1117/1355 1047/1120/1356 1052/1121/1357 1051/1118/1358
s 34
f 1073/1122/1359 1072/1123/1360 1075/1124/1361 1074/1125/1362
s 47
f 1072/1123/1363 1071/1126/1364 1076/1127/1365 1075/1124/1366
s 34
f 1097/1128/1367 1096/1129/1368 1099/1130/1369 1098/1131/1370
s 49
f 1096/1129/1371 1095/1132/1372 1100/1133/1373 1099/1130/1374
s 34
f 1121/1134/1375 1120/1135/1376 1123/1136/1377 1122/1137/1378
s 51
f 1120/1135/1379 1119/1138/1380 1124/1139/1381 1123/1136/1382
s 34
f 1145/1140/1383 1144/1141/1384 1147/1142/1385 1146/1143/1386
s 53
f 1144/1141/1387 1143/1144/1388 1148/1145/1389 1147/1142/1390
s 34
f 1169/1146/1391 1168/1147/1392 1171/1148/1393 1170/1149/1394
s 55
f 1168/1147/1395 1167/1150/1396 1172/1151/1397 1171/1148/1398
s 34
f 1205/1152/1399 1204/1153/1400 1207/1154/1401 1206/1155/1402
s 57
f 1204/1153/1403 1203/1156/1404 1208/1157/1405 1207/1154/1406
s 58
f 1211/1158/1407 1210/1159/1408 1213/1160/1409 1212/1161/1410
s 34
f 1210/1159/1411 1209/1162/1412 1214/1163/1413 1213/1160/1414
f 1223/1164/1415 1222/1165/1416 1225/1166/1417 1224/1167/1418
s 61
f 1222/1165/1419 1221/1168/1420 1226/1169/1421 1225/1166/1422
s 34
f 1235/1170/1423 1234/1171/1424 1237/1172/1425 1236/1173/1426
s 63
f 1234/1171/1427 1233/1174/1428 1238/1175/1429 1237/1172/1430
s 34
f 1247/1176/1431 1246/1177/1432 1249/1178/1433 1248/1179/1434
s 65
f 1246/1177/1435 1245/1180/1436 1250/1181/1437 1249/1178/1438
s 34
f 1259/1182/1439 1258/1183/1440 1261/1184/1441 1260/1185/1442
s 67
f 1258/1183/1443 1257/1186/1444 1262/1187/1445 1261/1184/1446
s 34
f 1271/1188/1447 1270/1189/1448 1273/1190/1449 1272/1191/1450
s 69
f 1270/1189/1451 1269/1192/1452 1274/1193/1453 1273/1190/1454
s 34
f 1283/1194/1455 1282/1195/1456 1285/1196/1457 1284/1197/1458
s 71
f 1282/1195/1459 1281/1198/1460 1286/1199/1461 1285/1196/1462
s 34
f 1295/1200/1463 1294/1201/1464 1297/1202/1465 1296/1203/1466
s 73
f 1294/1201/1467 1293/1204/1468 1298/1205/1469 1297/1202/1470
s 34
f 1307/1206/1471 1306/1207/1472 1309/1208/1473 1308/1209/1474
s 75
f 1306/1207/1475 1305/1210/1476 1310/1211/1477 1309/1208/1478
s 34
f 1325/1212/1479 1324/1213/1480 1327/1214/1481 1326/1215/1482
s 77
f 1324/1213/1483 1323/1216/1484 1328/1217/1485 1327/1214/1486
s 78
f 1331/1218/1487 1330/1219/1488 1333/1220/1489 1332/1221/1490
s 34
f 1330/1219/1491 1329/1222/1492 1334/1223/1493 1333/1220/1494
f 1343/1224/1495 1342/1225/1496 1345/1226/1497 1344/1227/1498
s 81
f 1342/1225/1499 1341/1228/1500 1346/1229/1501 1345/1226/1502
s 34
f 1355/1230/1503 1354/1231/1504 1357/1232/1505 1356/1233/1506
s 83
f 1354/1231/1507 1353/1234/1508 1358/1235/1509 1357/1232/1510
s 34
f 1367/1236/1511 1366/1237/1512 1369/1238/1513 1368/1239/1514
s 85
f 1366/1237/1515 1365/1240/1516 1370/1241/1517 1369/1238/1518
s 34
f 1379/1242/1519 1378/1243/1520 1381/1244/1521 1380/1245/1522
s 87
f 1378/1243/1523 1377/1246/1524 1382/1247/1525 1381/1244/1526
s 34
f 1391/1248/1527 1390/1249/1528 1393/1250/1529 1392/1251/1530
s 89
f 1390/1249/1531 1389/1252/1532 1394/1253/1533 1393/1250/1534
s 34
f 1403/1254/1535 1402/1255/1536 1405/1256/1537 1404/1257/1538
s 91
f 1402/1255/1539 1401/1258/1540 1406/1259/1541 1405/1256/1542
s 34
f 1415/1260/1543 1414/1261/1544 1417/1262/1545 1416/1263/1546
s 93
f 1414/1261/1547 1413/1264/1548 1418/1265/1549 1417/1262/1550
s 34
f 1427/1266/1551 1426/1267/1552 1429/1268/1553 1428/1269/1554
s 95
f 1426/1267/1555 1425/1270/1556 1430/1271/1557 1429/1268/1558
s 34
f 1445/1272/1559 1444/1273/1560 1447/1274/1561 1446/1275/1562
s 97
f 1444/1273/1563 1443/1276/1564 1448/1277/1565 1447/1274/1566
s 98
f 1451/1278/1567 1450/1279/1568 1453/1280/1569 1452/1281/1570
s 34
f 1450/1279/1571 1449/1282/1572 1454/1283/1573 1453/1280/1574
f 1463/1284/1575 1462/1285/1576 1465/1286/1577 1464/1287/1578
s 101
f 1462/1285/1579 1461/1288/1580 1466/1289/1581 1465/1286/1582
s 34
f 1472/1290/1583 1471/1291/1584 1474/1292/1585 1473/1293/1586
s 103
f 1471/1291/1587 1470/1294/1588 1475/1295/1589 1474/1292/1590
s 34
f 1481/1296/1591 1480/1297/1592 1483/1298/1593 1482/1299/1594
s 105
f 1480/1297/1595 1479/1300/1596 1484/1301/1597 1483/1298/1598
s 34
f 1490/1302/1599 1489/1303/1600 1492/1304/1601 1491/1305/1602
s 107
f 1489/1303/1603 1488/1306/1604 1493/1307/1605 1492/1304/1606
s 34
f 1499/1308/1607 1498/1309/1608 1501/1310/1609 1500/1311/1610
s 109
f 1498/1309/1611 1497/1312/1612 1502/1313/1613 1501/1310/1614
s 34
f 1508/1314/1615 1507/1315/1616 1510/1316/1617 1509/1317/1618
s 111
f 1507/1315/1619 1506/1318/1620 1511/1319/1621 1510/1316/1622
s 34
f 1517/1320/1623 1516/1321/1624 1519/1322/1625 1518/1323/1626
s 113
f 1516/1321/1627 1515/1324/1628 1520/1325/1629 1519/1322/1630
s 34
f 1526/1326/1631 1525/1327/1632 1528/1328/1633 1527/1329/1634
s 115
f 1525/1327/1635 1524/1330/1636 1529/1331/1637 1528/1328/1638
s 34
f 969/1096/1324 965/1086/1311 966/1089/1314 974/1097/1325
f 978/1102/1332 969/1332/1324 975/1333/1639 983/1103/1333
f 990/1334/1640 978/1335/1332 984/1336/1641 987/1337/1642
f 965/1338/1311 990/1334/1640 993/1339/1643 998/1340/1644
f 998/1340/1644 1001/1104/1335 1002/1107/1338 1007/1341/1645
f 1014/1342/1646 993/1339/1643 1008/1343/1647 1011/1344/1648
f 1001/1104/1335 1014/1342/1646 1017/1345/1649 1022/1346/1650
f 1022/1346/1650 1025/1110/1343 1026/1113/1346 1031/1347/1651
f 1038/1348/1652 1017/1345/1649 1032/1349/1653 1035/1350/1654
f 1025/1110/1343 1038/1348/1652 1041/1351/1655 1046/1352/1656
f 1046/1352/1656 1049/1116/1351 1050/1119/1354 1055/1353/1657
f 1062/1354/1658 1041/1351/1655 1056/1355/1659 1059/1356/1660
f 1049/1116/1351 1062/1354/1658 1065/1357/1661 1070/1358/1662
f 1070/1358/1662 1073/1122/1359 1074/1125/1362 1079/1359/1663
f 1086/1360/1664 1065/1357/1661 1080/1361/1665 1083/1362/1666
f 1073/1122/1359 1086/1360/1664 1089/1363/1667 1094/1364/1668
f 1094/1364/1668 1097/1128/1367 1098/1131/1370 1103/1365/1669
f 1110/1366/1670 1089/1363/1667 1104/1367/1671 1107/1368/1672
f 1097/1128/1367 1110/1366/1670 1113/1369/1673 1118/1370/1674
f 1118/1370/1674 1121/1134/1375 1122/1137/1378 1127/1371/1675
f 1134/1372/1676 1113/1369/1673 1128/1373/1677 1131/1374/1678
f 1121/1134/1375 1134/1372/1676 1137/1375/1679 1142/1376/1680
f 1142/1376/1680 1145/1140/1383 1146/1143/1386 1151/1377/1681
f 1158/1378/1682 1137/1375/1679 1152/1379/1683 1155/1380/1684
f 1145/1140/1383 1158/1378/1682 1161/1381/1685 1166/1382/1686
f 1166/1382/1686 1169/1146/1391 1170/1149/1394 1175/1383/1687
f 1182/1384/1688 1161/1381/1685 1176/1385/1689 1179/1386/1690
f 1169/1146/1391 1182/1384/1688 1185/1387/1691 1190/1388/1692
f 1190/1388/1692 975/1333/1639 1191/1389/1693 1196/1390/1694
f 983/1103/1333 1185/1387/1691 1197/1391/1695 1200/1392/1696
f 1209/1162/1412 1205/1152/1399 1206/1155/1402 1214/1163/1413
f 974/1393/1325 1209/1394/1412 1215/1395/1697 1191/1389/1693
f 1205/1396/1399 966/1089/1314 1007/1341/1645 1220/1397/1698
f 1220/1397/1698 1223/1164/1415 1224/1167/1418 1229/1398/1699
f 1223/1164/1415 1002/1107/1338 1031/1347/1651 1232/1399/1700
f 1232/1399/1700 1235/1170/1423 1236/1173/1426 1241/1400/1701
f 1235/1170/1423 1026/1113/1346 1055/1353/1657 1244/1401/1702
f 1244/1401/1702 1247/1176/1431 1248/1179/1434 1253/1402/1703
f 1247/1176/1431 1050/1119/1354 1079/1359/1663 1256/1403/1704
f 1256/1403/1704 1259/1182/1439 1260/1185/1442 1265/1404/1705
f 1259/1182/1439 1074/1125/1362 1103/1365/1669 1268/1405/1706
f 1268/1405/1706 1271/1188/1447 1272/1191/1450 1277/1406/1707
f 1271/1188/1447 1098/1131/1370 1127/1371/1675 1280/1407/1708
f 1280/1407/1708 1283/1194/1455 1284/1197/1458 1289/1408/1709
f 1283/1194/1455 1122/1137/1378 1151/1377/1681 1292/1409/1710
f 1292/1409/1710 1295/1200/1463 1296/1203/1466 1301/1410/1711
f 1295/1200/1463 1146/1143/1386 1175/1383/1687 1304/1411/1712
f 1304/1411/1712 1307/1206/1471 1308/1209/1474 1313/1412/1713
f 1307/1206/1471 1170/1149/1394 1196/1390/1694 1316/1413/1714
f 1316/1413/1714 1215/1395/1697 1317/1414/1715 1322/1415/1716
f 1329/1222/1492 1325/1212/1479 1326/1215/1482 1334/1223/1493
f 1214/1416/1413 1329/1417/1492 1335/1418/1717 1317/1414/1715
f 1325/1419/1479 1206/1155/1402 1229/1398/1699 1340/1420/1718
f 1340/1420/1718 1343/1224/1495 1344/1227/1498 1349/1421/1719
f 1343/1224/1495 1224/1167/1418 1241/1400/1701 1352/1422/1720
f 1352/1422/1720 1355/1230/1503 1356/1233/1506 1361/1423/1721
f 1355/1230/1503 1236/1173/1426 1253/1402/1703 1364/1424/1722
f 1364/1424/1722 1367/1236/1511 1368/1239/1514 1373/1425/1723
f 1367/1236/1511 1248/1179/1434 1265/1404/1705 1376/1426/1724
f 1376/1426/1724 1379/1242/1519 1380/1245/1522 1385/1427/1725
f 1379/1242/1519 1260/1185/1442 1277/1406/1707 1388/1428/1726
f 1388/1428/1726 1391/1248/1527 1392/1251/1530 1397/1429/1727
f 1391/1248/1527 1272/1191/1450 1289/1408/1709 1400/1430/1728
f 1400/1430/1728 1403/1254/1535 1404/1257/1538 1409/1431/1729
f 1403/1254/1535 1284/1197/1458 1301/1410/1711 1412/1432/1730
f 1412/1432/1730 1415/1260/1543 1416/1263/1546 1421/1433/1731
f 1415/1260/1543 1296/1203/1466 1313/1412/1713 1424/1434/1732
f 1424/1434/1732 1427/1266/1551 1428/1269/1554 1433/1435/1733
f 1427/1266/1551 1308/1209/1474 1322/1415/1716 1436/1436/1734
f 1436/1436/1734 1335/1418/1717 1437/1437/1735 1442/1438/1736
f 1449/1282/1572 1445/1272/1559 1446/1275/1562 1454/1283/1573
f 1334/1439/1493 1449/1440/1572 1455/1441/1737 1437/1437/1735
f 1445/1442/1559 1326/1215/1482 1349/1421/1719 1460/1443/1738
f 1460/1444/1738 1463/1284/1575 1464/1287/1578 1446/1275/1562
f 1463/1445/1575 1344/1227/1498 1361/1423/1721 1469/1446/1739
f 1469/1447/1739 1472/1290/1583 1473/1293/1586 1464/1448/1578
f 1472/1449/1583 1356/1233/1506 1373/1425/1723 1478/1450/1740
f 1478/1451/1740 1481/1296/1591 1482/1299/1594 1473/1452/1586
f 1481/1453/1591 1368/1239/1514 1385/1427/1725 1487/1454/1741
f 1487/1455/1741 1490/1302/1599 1491/1305/1602 1482/1456/1594
f 1490/1457/1599 1380/1245/1522 1397/1429/1727 1496/1458/1742
f 1496/1459/1742 1499/1308/1607 1500/1311/1610 1491/1460/1602
f 1499/1461/1607 1392/1251/1530 1409/1431/1729 1505/1462/1743
f 1505/1463/1743 1508/1314/1615 1509/1317/1618 1500/1464/1610
f 1508/1465/1615 1404/1257/1538 1421/1433/1731 1514/1466/1744
f 1514/1467/1744 1517/1320/1623 1518/1323/1626 1509/1468/1618
f 1517/1469/1623 1416/1263/1546 1433/1435/1733 1523/1470/1745
f 1523/1471/1745 1526/1326/1631 1527/1329/1634 1518/1472/1626
f 1526/1473/1631 1428/1269/1554 1442/1438/1736 1532/1474/1746
f 1532/1475/1746 1455/1476/1737 1454/1477/1573 1527/1478/1634
f 969/1479/1324 978/1335/1332 990/1334/1640 965/1338/1311
f 998/1340/1644 993/1339/1643 1014/1342/1646 1001/1104/1335
f 1022/1346/1650 1017/1345/1649 1038/1348/1652 1025/1110/1343
f 1046/1352/1656 1041/1351/1655 1062/1354/1658 1049/1116/1351
f 1070/1358/1662 1065/1357/1661 1086/1360/1664 1073/1122/1359
f 1094/1364/1668 1089/1363/1667 1110/1366/1670 1097/1128/1367
f 1118/1370/1674 1113/1369/1673 1134/1372/1676 1121/1134/1375
f 1142/1376/1680 1137/1375/1679 1158/1378/1682 1145/1140/1383
f 1166/1382/1686 1161/1381/1685 1182/1384/1688 1169/1146/1391
f 1190/1388/1692 1185/1387/1691 983/1103/1333 975/1333/1639
f 1209/1480/1412 974/1097/1325 966/1089/1314 1205/1396/1399
f 1220/1397/1698 1007/1341/1645 1002/1107/1338 1223/1164/1415
f 1232/1399/1700 1031/1347/1651 1026/1113/1346 1235/1170/1423
f 1244/1401/1702 1055/1353/1657 1050/1119/1354 1247/1176/1431
f 1256/1403/1704 1079/1359/1663 1074/1125/1362 1259/1182/1439
f 1268/1405/1706 1103/1365/1669 1098/1131/1370 1271/1188/1447
f 1280/1407/1708 1127/1371/1675 1122/1137/1378 1283/1194/1455
f 1292/1409/1710 1151/1377/1681 1146/1143/1386 1295/1200/1463
f 1304/1411/1712 1175/1383/1687 1170/1149/1394 1307/1206/1471
f 1316/1413/1714 1196/1390/1694 1191/1389/1693 1215/1395/1697
f 1329/1481/1492 1214/1163/1413 1206/1155/1402 1325/1419/1479
f 1340/1420/1718 1229/1398/1699 1224/1167/1418 1343/1224/1495
f 1352/1422/1720 1241/1400/1701 1236/1173/1426 1355/1230/1503
f 1364/1424/1722 1253/1402/1703 1248/1179/1434 1367/1236/1511
f 1376/1426/1724 1265/1404/1705 1260/1185/1442 1379/1242/1519
f 1388/1428/1726 1277/1406/1707 1272/1191/1450 1391/1248/1527
f 1400/1430/1728 1289/1408/1709 1284/1197/1458 1403/1254/1535
f 1412/1432/1730 1301/1410/1711 1296/1203/1466 1415/1260/1543
f 1424/1434/1732 1313/1412/1713 1308/1209/1474 1427/1266/1551
f 1436/1436/1734 1322/1415/1716 1317/1414/1715 1335/1418/1717
f 1449/1482/1572 1334/1223/1493 1326/1215/1482 1445/1442/1559
f 1460/1443/1738 1349/1421/1719 1344/1227/1498 1463/1445/1575
f 1469/1446/1739 1361/1423/1721 1356/1233/1506 1472/1449/1583
f 1478/1450/1740 1373/1425/1723 1368/1239/1514 1481/1453/1591
f 1487/1454/1741 1385/1427/1725 1380/1245/1522 1490/1457/1599
f 1496/1458/1742 1397/1429/1727 1392/1251/1530 1499/1461/1607
f 1505/1462/1743 1409/1431/1729 1404/1257/1538 1508/1465/1615
f 1514/1466/1744 1421/1433/1731 1416/1263/1546 1517/1469/1623
f 1523/1470/1745 1433/1435/1733 1428/1269/1554 1526/1473/1631
f 1532/1474/1746 1442/1438/1736 1437/1437/1735 1455/1441/1737
f 1454/1283/1573 1446/1275/1562 1464/1287/1578 1473/1483/1586 1482/1484/1594 1491/1485/1602 1500/1486/1610 1509/1487/1618 1518/1488/1626 1527/1489/1634
s 35
f 776/936/1747 815/939/1748 968/1091/1317 963/1090/1316
s 36
f 814/1490/1749 773/1491/1750 971/1092/1319 972/1095/1322
s 116
f 773/973/1751 812/972/1752 977/1492/1753 971/1493/1754
s 38
f 811/932/1755 774/935/1756 980/1098/1327 981/1101/1330
s 117
f 774/1494/1757 934/1495/1758 986/1496/1759 980/1497/1760
s 118
f 934/1495/1761 933/897/1762 989/1498/1763 986/1496/1764
s 119
f 933/897/1765 775/896/1766 992/1499/1767 989/1498/1768
s 120
f 775/896/1769 778/899/1770 995/1500/1771 992/1499/1772
s 121
f 777/937/1773 776/936/1774 963/1090/1775 996/1501/1776
s 41
f 780/940/1777 819/943/1778 1004/1109/1341 999/1108/1340
s 122
f 818/938/1779 777/937/1780 996/1501/1781 1005/1502/1782
s 123
f 778/899/1783 936/898/1784 1010/1503/1785 995/1500/1786
s 124
f 936/898/1787 935/901/1788 1013/1504/1789 1010/1503/1790
s 125
f 935/901/1791 779/900/1792 1016/1505/1793 1013/1504/1794
s 126
f 779/900/1795 782/903/1796 1019/1506/1797 1016/1505/1798
s 127
f 781/941/1799 780/940/1800 999/1108/1801 1020/1507/1802
s 43
f 784/944/1803 823/947/1804 1028/1115/1349 1023/1114/1348
s 128
f 822/942/1805 781/941/1806 1020/1507/1807 1029/1508/1808
s 129
f 782/903/1809 938/902/1810 1034/1509/1811 1019/1506/1812
s 130
f 938/902/1813 937/905/1814 1037/1510/1815 1034/1509/1816
s 131
f 937/905/1817 783/904/1818 1040/1511/1819 1037/1510/1820
s 132
f 783/904/1821 786/907/1822 1043/1512/1823 1040/1511/1824
s 133
f 785/945/1825 784/944/1826 1023/1114/1827 1044/1513/1828
s 45
f 788/948/1829 827/951/1830 1052/1121/1357 1047/1120/1356
s 134
f 826/946/1831 785/945/1832 1044/1513/1833 1053/1514/1834
s 135
f 786/907/1835 940/906/1836 1058/1515/1837 1043/1512/1838
s 136
f 940/906/1839 939/909/1840 1061/1516/1841 1058/1515/1842
s 137
f 939/909/1843 787/908/1844 1064/1517/1845 1061/1516/1846
s 138
f 787/908/1847 790/911/1848 1067/1518/1849 1064/1517/1850
s 139
f 789/949/1851 788/948/1852 1047/1120/1853 1068/1519/1854
s 47
f 792/952/1855 831/955/1856 1076/1127/1365 1071/1126/1364
s 140
f 830/950/1857 789/949/1858 1068/1519/1859 1077/1520/1860
s 141
f 790/911/1861 942/910/1862 1082/1521/1863 1067/1518/1864
s 142
f 942/910/1865 941/913/1866 1085/1522/1867 1082/1521/1868
s 143
f 941/913/1869 791/912/1870 1088/1523/1871 1085/1522/1872
s 144
f 791/912/1873 794/915/1874 1091/1524/1875 1088/1523/1876
s 145
f 793/953/1877 792/952/1878 1071/1126/1879 1092/1525/1880
s 49
f 796/956/1881 835/959/1882 1100/1133/1373 1095/1132/1372
s 146
f 834/954/1883 793/953/1884 1092/1525/1885 1101/1526/1886
s 147
f 794/915/1887 944/914/1888 1106/1527/1889 1091/1524/1890
s 148
f 944/914/1891 943/917/1892 1109/1528/1893 1106/1527/1894
s 149
f 943/917/1895 795/916/1896 1112/1529/1897 1109/1528/1898
s 150
f 795/916/1899 798/919/1900 1115/1530/1901 1112/1529/1902
s 151
f 797/957/1903 796/956/1904 1095/1132/1905 1116/1531/1906
s 51
f 800/960/1907 839/963/1908 1124/1139/1381 1119/1138/1380
s 152
f 838/958/1909 797/957/1910 1116/1531/1911 1125/1532/1912
s 153
f 798/919/1913 946/918/1914 1130/1533/1915 1115/1530/1916
s 154
f 946/918/1917 945/921/1918 1133/1534/1919 1130/1533/1920
s 155
f 945/921/1921 799/920/1922 1136/1535/1923 1133/1534/1924
s 156
f 799/920/1925 802/923/1926 1139/1536/1927 1136/1535/1928
s 157
f 801/961/1929 800/960/1930 1119/1138/1931 1140/1537/1932
s 53
f 804/964/1933 843/967/1934 1148/1145/1389 1143/1144/1388
s 158
f 842/962/1935 801/961/1936 1140/1537/1937 1149/1538/1938
s 159
f 802/923/1939 948/922/1940 1154/1539/1941 1139/1536/1942
s 160
f 948/922/1943 947/925/1944 1157/1540/1945 1154/1539/1946
s 161
f 947/925/1947 803/924/1948 1160/1541/1949 1157/1540/1950
s 162
f 803/924/1951 806/927/1952 1163/1542/1953 1160/1541/1954
s 163
f 805/965/1955 804/964/1956 1143/1144/1957 1164/1543/1958
s 55
f 808/968/1959 847/971/1960 1172/1151/1397 1167/1150/1396
s 164
f 846/966/1961 805/965/1962 1164/1543/1963 1173/1544/1964
s 165
f 806/927/1965 950/926/1966 1178/1545/1967 1163/1542/1968
s 166
f 950/926/1969 949/929/1970 1181/1546/1971 1178/1545/1972
s 167
f 949/929/1973 807/928/1974 1184/1547/1975 1181/1546/1976
s 168
f 807/928/1977 810/931/1978 1187/1548/1979 1184/1547/1980
s 169
f 809/969/1981 808/968/1982 1167/1150/1983 1188/1549/1984
s 170
f 812/972/1985 851/975/1986 1193/1550/1987 977/1492/1988
s 171
f 850/970/1989 809/969/1990 1188/1549/1991 1194/1551/1992
s 172
f 810/931/1993 952/930/1994 1199/1552/1995 1187/1548/1996
s 173
f 952/930/1997 951/933/1998 1202/1553/1999 1199/1552/2000
s 174
f 951/933/2001 811/932/2002 981/1101/2003 1202/1553/2004
s 57
f 816/976/2005 855/979/2006 1208/1157/1405 1203/1156/1404
s 58
f 854/1554/2007 813/1555/2008 1211/1158/1407 1212/1161/1410
s 175
f 813/1013/2009 852/1012/2010 1217/1556/2011 1211/1557/2012
s 176
f 851/975/2013 814/974/2014 972/1558/2015 1193/1550/2016
s 177
f 815/939/2017 818/938/2018 1005/1502/2019 968/1091/2020
s 178
f 817/977/2021 816/976/2022 1203/1156/2023 1218/1559/2024
s 61
f 820/980/2025 859/983/2026 1226/1169/1421 1221/1168/1420
s 179
f 858/978/2027 817/977/2028 1218/1559/2029 1227/1560/2030
s 180
f 819/943/2031 822/942/2032 1029/1508/2033 1004/1109/2034
s 181
f 821/981/2035 820/980/2036 1221/1168/2037 1230/1561/2038
s 63
f 824/984/2039 863/987/2040 1238/1175/1429 1233/1174/1428
s 182
f 862/982/2041 821/981/2042 1230/1561/2043 1239/1562/2044
s 183
f 823/947/2045 826/946/2046 1053/1514/2047 1028/1115/2048
s 184
f 825/985/2049 824/984/2050 1233/1174/2051 1242/1563/2052
s 65
f 828/988/2053 867/991/2054 1250/1181/1437 1245/1180/1436
s 185
f 866/986/2055 825/985/2056 1242/1563/2057 1251/1564/2058
s 186
f 827/951/2059 830/950/2060 1077/1520/2061 1052/1121/2062
s 187
f 829/989/2063 828/988/2064 1245/1180/2065 1254/1565/2066
s 67
f 832/992/2067 871/995/2068 1262/1187/1445 1257/1186/1444
s 188
f 870/990/2069 829/989/2070 1254/1565/2071 1263/1566/2072
s 189
f 831/955/2073 834/954/2074 1101/1526/2075 1076/1127/2076
s 190
f 833/993/2077 832/992/2078 1257/1186/2079 1266/1567/2080
s 69
f 836/996/2081 875/999/2082 1274/1193/1453 1269/1192/1452
s 191
f 874/994/2083 833/993/2084 1266/1567/2085 1275/1568/2086
s 192
f 835/959/2087 838/958/2088 1125/1532/2089 1100/1133/2090
s 193
f 837/997/2091 836/996/2092 1269/1192/2093 1278/1569/2094
s 71
f 840/1000/2095 879/1003/2096 1286/1199/1461 1281/1198/1460
s 194
f 878/998/2097 837/997/2098 1278/1569/2099 1287/1570/2100
s 195
f 839/963/2101 842/962/2102 1149/1538/2103 1124/1139/2104
s 196
f 841/1001/2105 840/1000/2106 1281/1198/2107 1290/1571/2108
s 73
f 844/1004/2109 883/1007/2110 1298/1205/1469 1293/1204/1468
s 197
f 882/1002/2111 841/1001/2112 1290/1571/2113 1299/1572/2114
s 198
f 843/967/2115 846/966/2116 1173/1544/2117 1148/1145/2118
s 199
f 845/1005/2119 844/1004/2120 1293/1204/2121 1302/1573/2122
s 75
f 848/1008/2123 887/1011/2124 1310/1211/1477 1305/1210/1476
s 200
f 886/1006/2125 845/1005/2126 1302/1573/2127 1311/1574/2128
s 201
f 847/971/2129 850/970/2130 1194/1551/2131 1172/1151/2132
s 202
f 849/1009/2133 848/1008/2134 1305/1210/2135 1314/1575/2136
s 203
f 852/1012/2137 891/1015/2138 1319/1576/2139 1217/1556/2140
s 204
f 890/1010/2141 849/1009/2142 1314/1575/2143 1320/1577/2144
s 77
f 856/1016/2145 895/1019/2146 1328/1217/1485 1323/1216/1484
s 78
f 894/1578/2147 853/1579/2148 1331/1218/1487 1332/1221/1490
s 205
f 853/1053/2149 892/1052/2150 1337/1580/2151 1331/1581/2152
s 206
f 891/1015/2153 854/1014/2154 1212/1582/2155 1319/1576/2156
s 207
f 855/979/2157 858/978/2158 1227/1560/2159 1208/1157/2160
s 208
f 857/1017/2161 856/1016/2162 1323/1216/2163 1338/1583/2164
s 81
f 860/1020/2165 899/1023/2166 1346/1229/1501 1341/1228/1500
s 209
f 898/1018/2167 857/1017/2168 1338/1583/2169 1347/1584/2170
s 210
f 859/983/2171 862/982/2172 1239/1562/2173 1226/1169/2174
s 211
f 861/1021/2175 860/1020/2176 1341/1228/2177 1350/1585/2178
s 83
f 864/1024/2179 903/1027/2180 1358/1235/1509 1353/1234/1508
s 212
f 902/1022/2181 861/1021/2182 1350/1585/2183 1359/1586/2184
s 213
f 863/987/2185 866/986/2186 1251/1564/2187 1238/1175/2188
s 214
f 865/1025/2189 864/1024/2190 1353/1234/2191 1362/1587/2192
s 85
f 868/1028/2193 907/1031/2194 1370/1241/1517 1365/1240/1516
s 215
f 906/1026/2195 865/1025/2196 1362/1587/2197 1371/1588/2198
s 216
f 867/991/2199 870/990/2200 1263/1566/2201 1250/1181/2202
s 217
f 869/1029/2203 868/1028/2204 1365/1240/2205 1374/1589/2206
s 87
f 872/1032/2207 911/1035/2208 1382/1247/1525 1377/1246/1524
s 218
f 910/1030/2209 869/1029/2210 1374/1589/2211 1383/1590/2212
s 219
f 871/995/2213 874/994/2214 1275/1568/2215 1262/1187/2216
s 220
f 873/1033/2217 872/1032/2218 1377/1246/2219 1386/1591/2220
s 89
f 876/1036/2221 915/1039/2222 1394/1253/1533 1389/1252/1532
s 221
f 914/1034/2223 873/1033/2224 1386/1591/2225 1395/1592/2226
s 222
f 875/999/2227 878/998/2228 1287/1570/2229 1274/1193/2230
s 223
f 877/1037/2231 876/1036/2232 1389/1252/2233 1398/1593/2234
s 91
f 880/1040/2235 919/1043/2236 1406/1259/1541 1401/1258/1540
s 224
f 918/1038/2237 877/1037/2238 1398/1593/2239 1407/1594/2240
s 225
f 879/1003/2241 882/1002/2242 1299/1572/2243 1286/1199/2244
s 226
f 881/1041/2245 880/1040/2246 1401/1258/2247 1410/1595/2248
s 93
f 884/1044/2249 923/1047/2250 1418/1265/1549 1413/1264/1548
s 227
f 922/1042/2251 881/1041/2252 1410/1595/2253 1419/1596/2254
s 228
f 883/1007/2255 886/1006/2256 1311/1574/2257 1298/1205/2258
s 229
f 885/1045/2259 884/1044/2260 1413/1264/2261 1422/1597/2262
s 95
f 888/1048/2263 927/1051/2264 1430/1271/1557 1425/1270/1556
s 230
f 926/1046/2265 885/1045/2266 1422/1597/2267 1431/1598/2268
s 231
f 887/1011/2269 890/1010/2270 1320/1577/2271 1310/1211/2272
s 232
f 889/1049/2273 888/1048/2274 1425/1270/2275 1434/1599/2276
s 233
f 892/1052/2277 931/1055/2278 1439/1600/2279 1337/1580/2280
s 234
f 930/1050/2281 889/1049/2282 1434/1599/2283 1440/1601/2284
s 97
f 896/1056/2285 954/1058/2286 1448/1277/1565 1443/1276/1564
s 98
f 953/1602/2287 893/1603/2288 1451/1278/1567 1452/1281/1570
s 235
f 893/1084/2289 932/1083/2290 1457/1604/2291 1451/1605/2292
s 236
f 931/1055/2293 894/1054/2294 1332/1606/2295 1439/1600/2296
s 237
f 895/1019/2297 898/1018/2298 1347/1584/2299 1328/1217/2300
s 238
f 897/1057/2301 896/1056/2302 1443/1276/2303 1458/1607/2304
s 101
f 900/1608/2305 955/1609/2306 1466/1289/1581 1461/1288/1580
s 239
f 954/1058/2307 897/1057/2308 1458/1607/2309 1448/1277/2310
s 240
f 899/1023/2311 902/1022/2312 1359/1586/2313 1346/1229/2314
s 241
f 901/1060/2315 900/1059/2316 1461/1610/2317 1467/1611/2318
s 103
f 904/1612/2319 956/1613/2320 1475/1295/1589 1470/1294/1588
s 242
f 955/1061/2321 901/1060/2322 1467/1611/2323 1466/1614/2324
s 243
f 903/1027/2325 906/1026/2326 1371/1588/2327 1358/1235/2328
s 244
f 905/1063/2329 904/1062/2330 1470/1615/2331 1476/1616/2332
s 105
f 908/1617/2333 957/1618/2334 1484/1301/1597 1479/1300/1596
s 245
f 956/1064/2335 905/1063/2336 1476/1616/2337 1475/1619/2338
s 246
f 907/1031/2339 910/1030/2340 1383/1590/2341 1370/1241/2342
s 247
f 909/1066/2343 908/1065/2344 1479/1620/2345 1485/1621/2346
s 107
f 912/1622/2347 958/1623/2348 1493/1307/1605 1488/1306/1604
s 248
f 957/1067/2349 909/1066/2350 1485/1621/2351 1484/1624/2352
s 249
f 911/1035/2353 914/1034/2354 1395/1592/2355 1382/1247/2356
s 250
f 913/1069/2357 912/1068/2358 1488/1625/2359 1494/1626/2360
s 109
f 916/1627/2361 959/1628/2362 1502/1313/1613 1497/1312/1612
s 251
f 958/1070/2363 913/1069/2364 1494/1626/2365 1493/1629/2366
s 252
f 915/1039/2367 918/1038/2368 1407/1594/2369 1394/1253/2370
s 253
f 917/1072/2371 916/1071/2372 1497/1630/2373 1503/1631/2374
s 111
f 920/1632/2375 960/1633/2376 1511/1319/1621 1506/1318/1620
s 254
f 959/1073/2377 917/1072/2378 1503/1631/2379 1502/1634/2380
s 255
f 919/1043/2381 922/1042/2382 1419/1596/2383 1406/1259/2384
s 256
f 921/1075/2385 920/1074/2386 1506/1635/2387 1512/1636/2388
s 113
f 924/1637/2389 961/1638/2390 1520/1325/1629 1515/1324/1628
s 257
f 960/1076/2391 921/1075/2392 1512/1636/2393 1511/1639/2394
s 258
f 923/1047/2395 926/1046/2396 1431/1598/2397 1418/1265/2398
s 259
f 925/1078/2399 924/1077/2400 1515/1640/2401 1521/1641/2402
s 115
f 928/1642/2403 962/1643/2404 1529/1331/1637 1524/1330/1636
s 260
f 961/1079/2405 925/1078/2406 1521/1641/2407 1520/1644/2408
s 261
f 927/1051/2409 930/1050/2410 1440/1601/2411 1430/1271/2412
s 262
f 929/1081/2413 928/1080/2414 1524/1645/2415 1530/1646/2416
s 263
f 932/1647/2417 953/1648/2418 1452/1649/2419 1457/1650/2420
s 264
f 962/1082/2421 929/1081/2422 1530/1646/2423 1529/1651/2424
s 121
f 963/1090/1775 964/1087/2425 997/1652/2426 996/1501/1776
s 34
f 964/1087/1312 965/1338/1311 998/1340/1644 997/1652/2427
f 969/1332/1324 970/1653/1323 976/1654/2428 975/1333/1639
s 116
f 970/1653/2429 971/1493/1754 977/1492/1753 976/1654/2430
s 34
f 975/1333/1639 976/1654/2428 1192/1655/2431 1191/1389/1693
s 170
f 976/1654/2432 977/1492/1988 1193/1550/1987 1192/1655/2433
s 34
f 978/1335/1332 979/1656/1331 985/1657/2434 984/1336/1641
s 117
f 979/1656/2435 980/1497/1760 986/1496/1759 985/1657/2436
s 34
f 984/1336/1641 985/1657/2434 988/1658/2437 987/1337/1642
s 118
f 985/1657/2438 986/1496/1764 989/1498/1763 988/1658/2439
s 34
f 987/1337/1642 988/1658/2437 991/1659/2440 990/1334/1640
s 119
f 988/1658/2441 989/1498/1768 992/1499/1767 991/1659/2442
s 34
f 990/1334/1640 991/1659/2440 994/1660/2443 993/1339/1643
s 120
f 991/1659/2444 992/1499/1772 995/1500/1771 994/1660/2445
s 34
f 993/1339/1643 994/1660/2443 1009/1661/2446 1008/1343/1647
s 123
f 994/1660/2447 995/1500/1786 1010/1503/1785 1009/1661/2448
s 122
f 996/1501/1781 997/1652/2449 1006/1662/2450 1005/1502/1782
s 34
f 997/1652/2427 998/1340/1644 1007/1341/1645 1006/1662/2451
s 127
f 999/1108/1801 1000/1105/2452 1021/1663/2453 1020/1507/1802
s 34
f 1000/1105/1336 1001/1104/1335 1022/1346/1650 1021/1663/2454
f 966/1089/1314 967/1088/1313 1006/1662/2451 1007/1341/1645
s 177
f 967/1088/2455 968/1091/2020 1005/1502/2019 1006/1662/2456
s 34
f 1008/1343/1647 1009/1661/2446 1012/1664/2457 1011/1344/1648
s 124
f 1009/1661/2458 1010/1503/1790 1013/1504/1789 1012/1664/2459
s 34
f 1011/1344/1648 1012/1664/2457 1015/1665/2460 1014/1342/1646
s 125
f 1012/1664/2461 1013/1504/1794 1016/1505/1793 1015/1665/2462
s 34
f 1014/1342/1646 1015/1665/2460 1018/1666/2463 1017/1345/1649
s 126
f 1015/1665/2464 1016/1505/1798 1019/1506/1797 1018/1666/2465
s 34
f 1017/1345/1649 1018/1666/2463 1033/1667/2466 1032/1349/1653
s 129
f 1018/1666/2467 1019/1506/1812 1034/1509/1811 1033/1667/2468
s 128
f 1020/1507/1807 1021/1663/2469 1030/1668/2470 1029/1508/1808
s 34
f 1021/1663/2454 1022/1346/1650 1031/1347/1651 1030/1668/2471
s 133
f 1023/1114/1827 1024/1111/2472 1045/1669/2473 1044/1513/1828
s 34
f 1024/1111/1344 1025/1110/1343 1046/1352/1656 1045/1669/2474
f 1002/1107/1338 1003/1106/1337 1030/1668/2471 1031/1347/1651
s 180
f 1003/1106/2475 1004/1109/2034 1029/1508/2033 1030/1668/2476
s 34
f 1032/1349/1653 1033/1667/2466 1036/1670/2477 1035/1350/1654
s 130
f 1033/1667/2478 1034/1509/1816 1037/1510/1815 1036/1670/2479
s 34
f 1035/1350/1654 1036/1670/2477 1039/1671/2480 1038/1348/1652
s 131
f 1036/1670/2481 1037/1510/1820 1040/1511/1819 1039/1671/2482
s 34
f 1038/1348/1652 1039/1671/2480 1042/1672/2483 1041/1351/1655
s 132
f 1039/1671/2484 1040/1511/1824 1043/1512/1823 1042/1672/2485
s 34
f 1041/1351/1655 1042/1672/2483 1057/1673/2486 1056/1355/1659
s 135
f 1042/1672/2487 1043/1512/1838 1058/1515/1837 1057/1673/2488
s 134
f 1044/1513/1833 1045/1669/2489 1054/1674/2490 1053/1514/1834
s 34
f 1045/1669/2474 1046/1352/1656 1055/1353/1657 1054/1674/2491
s 139
f 1047/1120/1853 1048/1117/2492 1069/1675/2493 1068/1519/1854
s 34
f 1048/1117/1352 1049/1116/1351 1070/1358/1662 1069/1675/2494
f 1026/1113/1346 1027/1112/1345 1054/1674/2491 1055/1353/1657
s 183
f 1027/1112/2495 1028/1115/2048 1053/1514/2047 1054/1674/2496
s 34
f 1056/1355/1659 1057/1673/2486 1060/1676/2497 1059/1356/1660
s 136
f 1057/1673/2498 1058/1515/1842 1061/1516/1841 1060/1676/2499
s 34
f 1059/1356/1660 1060/1676/2497 1063/1677/2500 1062/1354/1658
s 137
f 1060/1676/2501 1061/1516/1846 1064/1517/1845 1063/1677/2502
s 34
f 1062/1354/1658 1063/1677/2500 1066/1678/2503 1065/1357/1661
s 138
f 1063/1677/2504 1064/1517/1850 1067/1518/1849 1066/1678/2505
s 34
f 1065/1357/1661 1066/1678/2503 1081/1679/2506 1080/1361/1665
s 141
f 1066/1678/2507 1067/1518/1864 1082/1521/1863 1081/1679/2508
s 140
f 1068/1519/1859 1069/1675/2509 1078/1680/2510 1077/1520/1860
s 34
f 1069/1675/2494 1070/1358/1662 1079/1359/1663 1078/1680/2511
s 145
f 1071/1126/1879 1072/1123/2512 1093/1681/2513 1092/1525/1880
s 34
f 1072/1123/1360 1073/1122/1359 1094/1364/1668 1093/1681/2514
f 1050/1119/1354 1051/1118/1353 1078/1680/2511 1079/1359/1663
s 186
f 1051/1118/2515 1052/1121/2062 1077/1520/2061 1078/1680/2516
s 34
f 1080/1361/1665 1081/1679/2506 1084/1682/2517 1083/1362/1666
s 142
f 1081/1679/2518 1082/1521/1868 1085/1522/1867 1084/1682/2519
s 34
f 1083/1362/1666 1084/1682/2517 1087/1683/2520 1086/1360/1664
s 143
f 1084/1682/2521 1085/1522/1872 1088/1523/1871 1087/1683/2522
s 34
f 1086/1360/1664 1087/1683/2520 1090/1684/2523 1089/1363/1667
s 144
f 1087/1683/2524 1088/1523/1876 1091/1524/1875 1090/1684/2525
s 34
f 1089/1363/1667 1090/1684/2523 1105/1685/2526 1104/1367/1671
s 147
f 1090/1684/2527 1091/1524/1890 1106/1527/1889 1105/1685/2528
s 146
f 1092/1525/1885 1093/1681/2529 1102/1686/2530 1101/1526/1886
s 34
f 1093/1681/2514 1094/1364/1668 1103/1365/1669 1102/1686/2531
s 151
f 1095/1132/1905 1096/1129/2532 1117/1687/2533 1116/1531/1906
s 34
f 1096/1129/1368 1097/1128/1367 1118/1370/1674 1117/1687/2534
f 1074/1125/1362 1075/1124/1361 1102/1686/2531 1103/1365/1669
s 189
f 1075/1124/2535 1076/1127/2076 1101/1526/2075 1102/1686/2536
s 34
f 1104/1367/1671 1105/1685/2526 1108/1688/2537 1107/1368/1672
s 148
f 1105/1685/2538 1106/1527/1894 1109/1528/1893 1108/1688/2539
s 34
f 1107/1368/1672 1108/1688/2537 1111/1689/2540 1110/1366/1670
s 149
f 1108/1688/2541 1109/1528/1898 1112/1529/1897 1111/1689/2542
s 34
f 1110/1366/1670 1111/1689/2540 1114/1690/2543 1113/1369/1673
s 150
f 1111/1689/2544 1112/1529/1902 1115/1530/1901 1114/1690/2545
s 34
f 1113/1369/1673 1114/1690/2543 1129/1691/2546 1128/1373/1677
s 153
f 1114/1690/2547 1115/1530/1916 1130/1533/1915 1129/1691/2548
s 152
f 1116/1531/1911 1117/1687/2549 1126/1692/2550 1125/1532/1912
s 34
f 1117/1687/2534 1118/1370/1674 1127/1371/1675 1126/1692/2551
s 157
f 1119/1138/1931 1120/1135/2552 1141/1693/2553 1140/1537/1932
s 34
f 1120/1135/1376 1121/1134/1375 1142/1376/1680 1141/1693/2554
f 1098/1131/1370 1099/1130/1369 1126/1692/2551 1127/1371/1675
s 192
f 1099/1130/2555 1100/1133/2090 1125/1532/2089 1126/1692/2556
s 34
f 1128/1373/1677 1129/1691/2546 1132/1694/2557 1131/1374/1678
s 154
f 1129/1691/2558 1130/1533/1920 1133/1534/1919 1132/1694/2559
s 34
f 1131/1374/1678 1132/1694/2557 1135/1695/2560 1134/1372/1676
s 155
f 1132/1694/2561 1133/1534/1924 1136/1535/1923 1135/1695/2562
s 34
f 1134/1372/1676 1135/1695/2560 1138/1696/2563 1137/1375/1679
s 156
f 1135/1695/2564 1136/1535/1928 1139/1536/1927 1138/1696/2565
s 34
f 1137/1375/1679 1138/1696/2563 1153/1697/2566 1152/1379/1683
s 159
f 1138/1696/2567 1139/1536/1942 1154/1539/1941 1153/1697/2568
s 158
f 1140/1537/1937 1141/1693/2569 1150/1698/2570 1149/1538/1938
s 34
f 1141/1693/2554 1142/1376/1680 1151/1377/1681 1150/1698/2571
s 163
f 1143/1144/1957 1144/1141/2572 1165/1699/2573 1164/1543/1958
s 34
f 1144/1141/1384 1145/1140/1383 1166/1382/1686 1165/1699/2574
f 1122/1137/1378 1123/1136/1377 1150/1698/2571 1151/1377/1681
s 195
f 1123/1136/2575 1124/1139/2104 1149/1538/2103 1150/1698/2576
s 34
f 1152/1379/1683 1153/1697/2566 1156/1700/2577 1155/1380/1684
s 160
f 1153/1697/2578 1154/1539/1946 1157/1540/1945 1156/1700/2579
s 34
f 1155/1380/1684 1156/1700/2577 1159/1701/2580 1158/1378/1682
s 161
f 1156/1700/2581 1157/1540/1950 1160/1541/1949 1159/1701/2582
s 34
f 1158/1378/1682 1159/1701/2580 1162/1702/2583 1161/1381/1685
s 162
f 1159/1701/2584 1160/1541/1954 1163/1542/1953 1162/1702/2585
s 34
f 1161/1381/1685 1162/1702/2583 1177/1703/2586 1176/1385/1689
s 165
f 1162/1702/2587 1163/1542/1968 1178/1545/1967 1177/1703/2588
s 164
f 1164/1543/1963 1165/1699/2589 1174/1704/2590 1173/1544/1964
s 34
f 1165/1699/2574 1166/1382/1686 1175/1383/1687 1174/1704/2591
s 169
f 1167/1150/1983 1168/1147/2592 1189/1705/2593 1188/1549/1984
s 34
f 1168/1147/1392 1169/1146/1391 1190/1388/1692 1189/1705/2594
f 1146/1143/1386 1147/1142/1385 1174/1704/2591 1175/1383/1687
s 198
f 1147/1142/2595 1148/1145/2118 1173/1544/2117 1174/1704/2596
s 34
f 1176/1385/1689 1177/1703/2586 1180/1706/2597 1179/1386/1690
s 166
f 1177/1703/2598 1178/1545/1972 1181/1546/1971 1180/1706/2599
s 34
f 1179/1386/1690 1180/1706/2597 1183/1707/2600 1182/1384/1688
s 167
f 1180/1706/2601 1181/1546/1976 1184/1547/1975 1183/1707/2602
s 34
f 1182/1384/1688 1183/1707/2600 1186/1708/2603 1185/1387/1691
s 168
f 1183/1707/2604 1184/1547/1980 1187/1548/1979 1186/1708/2605
s 34
f 1185/1387/1691 1186/1708/2603 1198/1709/2606 1197/1391/1695
s 172
f 1186/1708/2607 1187/1548/1996 1199/1552/1995 1198/1709/2608
s 171
f 1188/1549/1991 1189/1705/2609 1195/1710/2610 1194/1551/1992
s 34
f 1189/1705/2594 1190/1388/1692 1196/1390/1694 1195/1710/2611
s 176
f 972/1558/2015 973/1711/2612 1192/1655/2613 1193/1550/2016
s 34
f 973/1711/1326 974/1393/1325 1191/1389/1693 1192/1655/2431
f 1170/1149/1394 1171/1148/1393 1195/1710/2611 1196/1390/1694
s 201
f 1171/1148/2614 1172/1151/2132 1194/1551/2131 1195/1710/2615
s 34
f 1197/1391/1695 1198/1709/2606 1201/1712/2616 1200/1392/1696
s 173
f 1198/1709/2617 1199/1552/2000 1202/1553/1999 1201/1712/2618
s 174
f 981/1101/2003 982/1100/2619 1201/1712/2620 1202/1553/2004
s 34
f 982/1100/1334 983/1103/1333 1200/1392/1696 1201/1712/2616
s 178
f 1203/1156/2023 1204/1153/2621 1219/1713/2622 1218/1559/2024
s 34
f 1204/1153/1400 1205/1396/1399 1220/1397/1698 1219/1713/2623
f 1209/1394/1412 1210/1714/1411 1216/1715/2624 1215/1395/1697
s 175
f 1210/1714/2625 1211/1557/2012 1217/1556/2011 1216/1715/2626
s 34
f 1215/1395/1697 1216/1715/2624 1318/1716/2627 1317/1414/1715
s 203
f 1216/1715/2628 1217/1556/2140 1319/1576/2139 1318/1716/2629
s 179
f 1218/1559/2029 1219/1713/2630 1228/1717/2631 1227/1560/2030
s 34
f 1219/1713/2623 1220/1397/1698 1229/1398/1699 1228/1717/2632
s 181
f 1221/1168/2037 1222/1165/2633 1231/1718/2634 1230/1561/2038
s 34
f 1222/1165/1416 1223/1164/1415 1232/1399/1700 1231/1718/2635
f 1206/1155/1402 1207/1154/1401 1228/1717/2632 1229/1398/1699
s 207
f 1207/1154/2636 1208/1157/2160 1227/1560/2159 1228/1717/2637
s 182
f 1230/1561/2043 1231/1718/2638 1240/1719/2639 1239/1562/2044
s 34
f 1231/1718/2635 1232/1399/1700 1241/1400/1701 1240/1719/2640
s 184
f 1233/1174/2051 1234/1171/2641 1243/1720/2642 1242/1563/2052
s 34
f 1234/1171/1424 1235/1170/1423 1244/1401/1702 1243/1720/2643
f 1224/1167/1418 1225/1166/1417 1240/1719/2640 1241/1400/1701
s 210
f 1225/1166/2644 1226/1169/2174 1239/1562/2173 1240/1719/2645
s 185
f 1242/1563/2057 1243/1720/2646 1252/1721/2647 1251/1564/2058
s 34
f 1243/1720/2643 1244/1401/1702 1253/1402/1703 1252/1721/2648
s 187
f 1245/1180/2065 1246/1177/2649 1255/1722/2650 1254/1565/2066
s 34
f 1246/1177/1432 1247/1176/1431 1256/1403/1704 1255/1722/2651
f 1236/1173/1426 1237/1172/1425 1252/1721/2648 1253/1402/1703
s 213
f 1237/1172/2652 1238/1175/2188 1251/1564/2187 1252/1721/2653
s 188
f 1254/1565/2071 1255/1722/2654 1264/1723/2655 1263/1566/2072
s 34
f 1255/1722/2651 1256/1403/1704 1265/1404/1705 1264/1723/2656
s 190
f 1257/1186/2079 1258/1183/2657 1267/1724/2658 1266/1567/2080
s 34
f 1258/1183/1440 1259/1182/1439 1268/1405/1706 1267/1724/2659
f 1248/1179/1434 1249/1178/1433 1264/1723/2656 1265/1404/1705
s 216
f 1249/1178/2660 1250/1181/2202 1263/1566/2201 1264/1723/2661
s 191
f 1266/1567/2085 1267/1724/2662 1276/1725/2663 1275/1568/2086
s 34
f 1267/1724/2659 1268/1405/1706 1277/1406/1707 1276/1725/2664
s 193
f 1269/1192/2093 1270/1189/2665 1279/1726/2666 1278/1569/2094
s 34
f 1270/1189/1448 1271/1188/1447 1280/1407/1708 1279/1726/2667
f 1260/1185/1442 1261/1184/1441 1276/1725/2664 1277/1406/1707
s 219
f 1261/1184/2668 1262/1187/2216 1275/1568/2215 1276/1725/2669
s 194
f 1278/1569/2099 1279/1726/2670 1288/1727/2671 1287/1570/2100
s 34
f 1279/1726/2667 1280/1407/1708 1289/1408/1709 1288/1727/2672
s 196
f 1281/1198/2107 1282/1195/2673 1291/1728/2674 1290/1571/2108
s 34
f 1282/1195/1456 1283/1194/1455 1292/1409/1710 1291/1728/2675
f 1272/1191/1450 1273/1190/1449 1288/1727/2672 1289/1408/1709
s 222
f 1273/1190/2676 1274/1193/2230 1287/1570/2229 1288/1727/2677
s 197
f 1290/1571/2113 1291/1728/2678 1300/1729/2679 1299/1572/2114
s 34
f 1291/1728/2675 1292/1409/1710 1301/1410/1711 1300/1729/2680
s 199
f 1293/1204/2121 1294/1201/2681 1303/1730/2682 1302/1573/2122
s 34
f 1294/1201/1464 1295/1200/1463 1304/1411/1712 1303/1730/2683
f 1284/1197/1458 1285/1196/1457 1300/1729/2680 1301/1410/1711
s 225
f 1285/1196/2684 1286/1199/2244 1299/1572/2243 1300/1729/2685
s 200
f 1302/1573/2127 1303/1730/2686 1312/1731/2687 1311/1574/2128
s 34
f 1303/1730/2683 1304/1411/1712 1313/1412/1713 1312/1731/2688
s 202
f 1305/1210/2135 1306/1207/2689 1315/1732/2690 1314/1575/2136
s 34
f 1306/1207/1472 1307/1206/1471 1316/1413/1714 1315/1732/2691
f 1296/1203/1466 1297/1202/1465 1312/1731/2688 1313/1412/1713
s 228
f 1297/1202/2692 1298/1205/2258 1311/1574/2257 1312/1731/2693
s 204
f 1314/1575/2143 1315/1732/2694 1321/1733/2695 1320/1577/2144
s 34
f 1315/1732/2691 1316/1413/1714 1322/1415/1716 1321/1733/2696
s 206
f 1212/1582/2155 1213/1734/2697 1318/1716/2698 1319/1576/2156
s 34
f 1213/1734/1414 1214/1416/1413 1317/1414/1715 1318/1716/2627
f 1308/1209/1474 1309/1208/1473 1321/1733/2696 1322/1415/1716
s 231
f 1309/1208/2699 1310/1211/2272 1320/1577/2271 1321/1733/2700
s 208
f 1323/1216/2163 1324/1213/2701 1339/1735/2702 1338/1583/2164
s 34
f 1324/1213/1480 1325/1419/1479 1340/1420/1718 1339/1735/2703
f 1329/1417/1492 1330/1736/1491 1336/1737/2704 1335/1418/1717
s 205
f 1330/1736/2705 1331/1581/2152 1337/1580/2151 1336/1737/2706
s 34
f 1335/1418/1717 1336/1737/2704 1438/1738/2707 1437/1437/1735
s 233
f 1336/1737/2708 1337/1580/2280 1439/1600/2279 1438/1738/2709
s 209
f 1338/1583/2169 1339/1735/2710 1348/1739/2711 1347/1584/2170
s 34
f 1339/1735/2703 1340/1420/1718 1349/1421/1719 1348/1739/2712
s 211
f 1341/1228/2177 1342/1225/2713 1351/1740/2714 1350/1585/2178
s 34
f 1342/1225/1496 1343/1224/1495 1352/1422/1720 1351/1740/2715
f 1326/1215/1482 1327/1214/1481 1348/1739/2712 1349/1421/1719
s 237
f 1327/1214/2716 1328/1217/2300 1347/1584/2299 1348/1739/2717
s 212
f 1350/1585/2183 1351/1740/2718 1360/1741/2719 1359/1586/2184
s 34
f 1351/1740/2715 1352/1422/1720 1361/1423/1721 1360/1741/2720
s 214
f 1353/1234/2191 1354/1231/2721 1363/1742/2722 1362/1587/2192
s 34
f 1354/1231/1504 1355/1230/1503 1364/1424/1722 1363/1742/2723
f 1344/1227/1498 1345/1226/1497 1360/1741/2720 1361/1423/1721
s 240
f 1345/1226/2724 1346/1229/2314 1359/1586/2313 1360/1741/2725
s 215
f 1362/1587/2197 1363/1742/2726 1372/1743/2727 1371/1588/2198
s 34
f 1363/1742/2723 1364/1424/1722 1373/1425/1723 1372/1743/2728
s 217
f 1365/1240/2205 1366/1237/2729 1375/1744/2730 1374/1589/2206
s 34
f 1366/1237/1512 1367/1236/1511 1376/1426/1724 1375/1744/2731
f 1356/1233/1506 1357/1232/1505 1372/1743/2728 1373/1425/1723
s 243
f 1357/1232/2732 1358/1235/2328 1371/1588/2327 1372/1743/2733
s 218
f 1374/1589/2211 1375/1744/2734 1384/1745/2735 1383/1590/2212
s 34
f 1375/1744/2731 1376/1426/1724 1385/1427/1725 1384/1745/2736
s 220
f 1377/1246/2219 1378/1243/2737 1387/1746/2738 1386/1591/2220
s 34
f 1378/1243/1520 1379/1242/1519 1388/1428/1726 1387/1746/2739
f 1368/1239/1514 1369/1238/1513 1384/1745/2736 1385/1427/1725
s 246
f 1369/1238/2740 1370/1241/2342 1383/1590/2341 1384/1745/2741
s 221
f 1386/1591/2225 1387/1746/2742 1396/1747/2743 1395/1592/2226
s 34
f 1387/1746/2739 1388/1428/1726 1397/1429/1727 1396/1747/2744
s 223
f 1389/1252/2233 1390/1249/2745 1399/1748/2746 1398/1593/2234
s 34
f 1390/1249/1528 1391/1248/1527 1400/1430/1728 1399/1748/2747
f 1380/1245/1522 1381/1244/1521 1396/1747/2744 1397/1429/1727
s 249
f 1381/1244/2748 1382/1247/2356 1395/1592/2355 1396/1747/2749
s 224
f 1398/1593/2239 1399/1748/2750 1408/1749/2751 1407/1594/2240
s 34
f 1399/1748/2747 1400/1430/1728 1409/1431/1729 1408/1749/2752
s 226
f 1401/1258/2247 1402/1255/2753 1411/1750/2754 1410/1595/2248
s 34
f 1402/1255/1536 1403/1254/1535 1412/1432/1730 1411/1750/2755
f 1392/1251/1530 1393/1250/1529 1408/1749/2752 1409/1431/1729
s 252
f 1393/1250/2756 1394/1253/2370 1407/1594/2369 1408/1749/2757
s 227
f 1410/1595/2253 1411/1750/2758 1420/1751/2759 1419/1596/2254
s 34
f 1411/1750/2755 1412/1432/1730 1421/1433/1731 1420/1751/2760
s 229
f 1413/1264/2261 1414/1261/2761 1423/1752/2762 1422/1597/2262
s 34
f 1414/1261/1544 1415/1260/1543 1424/1434/1732 1423/1752/2763
f 1404/1257/1538 1405/1256/1537 1420/1751/2760 1421/1433/1731
s 255
f 1405/1256/2764 1406/1259/2384 1419/1596/2383 1420/1751/2765
s 230
f 1422/1597/2267 1423/1752/2766 1432/1753/2767 1431/1598/2268
s 34
f 1423/1752/2763 1424/1434/1732 1433/1435/1733 1432/1753/2768
s 232
f 1425/1270/2275 1426/1267/2769 1435/1754/2770 1434/1599/2276
s 34
f 1426/1267/1552 1427/1266/1551 1436/1436/1734 1435/1754/2771
f 1416/1263/1546 1417/1262/1545 1432/1753/2768 1433/1435/1733
s 258
f 1417/1262/2772 1418/1265/2398 1431/1598/2397 1432/1753/2773
s 234
f 1434/1599/2283 1435/1754/2774 1441/1755/2775 1440/1601/2284
s 34
f 1435/1754/2771 1436/1436/1734 1442/1438/1736 1441/1755/2776
s 236
f 1332/1606/2295 1333/1756/2777 1438/1738/2778 1439/1600/2296
s 34
f 1333/1756/1494 1334/1439/1493 1437/1437/1735 1438/1738/2707
f 1428/1269/1554 1429/1268/1553 1441/1755/2776 1442/1438/1736
s 261
f 1429/1268/2779 1430/1271/2412 1440/1601/2411 1441/1755/2780
s 238
f 1443/1276/2303 1444/1273/2781 1459/1757/2782 1458/1607/2304
s 34
f 1444/1273/1560 1445/1442/1559 1460/1443/1738 1459/1757/2783
f 1449/1440/1572 1450/1758/1571 1456/1759/2784 1455/1441/1737
s 235
f 1450/1758/2785 1451/1605/2292 1457/1604/2291 1456/1759/2786
s 263
f 1452/1649/2419 1453/1760/2787 1456/1761/2788 1457/1650/2420
s 34
f 1453/1760/1574 1454/1477/1573 1455/1476/1737 1456/1761/2784
f 1446/1275/1562 1447/1274/1561 1459/1757/2783 1460/1444/1738
s 239
f 1447/1274/2789 1448/1277/2310 1458/1607/2309 1459/1757/2790
s 241
f 1461/1610/2317 1462/1762/2791 1468/1763/2792 1467/1611/2318
s 34
f 1462/1762/1576 1463/1445/1575 1469/1446/1739 1468/1763/2793
f 1464/1448/1578 1465/1764/1577 1468/1763/2793 1469/1447/1739
s 242
f 1465/1764/2794 1466/1614/2324 1467/1611/2323 1468/1763/2795
s 244
f 1470/1615/2331 1471/1765/2796 1477/1766/2797 1476/1616/2332
s 34
f 1471/1765/1584 1472/1449/1583 1478/1450/1740 1477/1766/2798
f 1473/1452/1586 1474/1767/1585 1477/1766/2798 1478/1451/1740
s 245
f 1474/1767/2799 1475/1619/2338 1476/1616/2337 1477/1766/2800
s 247
f 1479/1620/2345 1480/1768/2801 1486/1769/2802 1485/1621/2346
s 34
f 1480/1768/1592 1481/1453/1591 1487/1454/1741 1486/1769/2803
f 1482/1456/1594 1483/1770/1593 1486/1769/2803 1487/1455/1741
s 248
f 1483/1770/2804 1484/1624/2352 1485/1621/2351 1486/1769/2805
s 250
f 1488/1625/2359 1489/1771/2806 1495/1772/2807 1494/1626/2360
s 34
f 1489/1771/1600 1490/1457/1599 1496/1458/1742 1495/1772/2808
f 1491/1460/1602 1492/1773/1601 1495/1772/2808 1496/1459/1742
s 251
f 1492/1773/2809 1493/1629/2366 1494/1626/2365 1495/1772/2810
s 253
f 1497/1630/2373 1498/1774/2811 1504/1775/2812 1503/1631/2374
s 34
f 1498/1774/1608 1499/1461/1607 1505/1462/1743 1504/1775/2813
f 1500/1464/1610 1501/1776/1609 1504/1775/2813 1505/1463/1743
s 254
f 1501/1776/2814 1502/1634/2380 1503/1631/2379 1504/1775/2815
s 256
f 1506/1635/2387 1507/1777/2816 1513/1778/2817 1512/1636/2388
s 34
f 1507/1777/1616 1508/1465/1615 1514/1466/1744 1513/1778/2818
f 1509/1468/1618 1510/1779/1617 1513/1778/2818 1514/1467/1744
s 257
f 1510/1779/2819 1511/1639/2394 1512/1636/2393 1513/1778/2820
s 259
f 1515/1640/2401 1516/1780/2821 1522/1781/2822 1521/1641/2402
s 34
f 1516/1780/1624 1517/1469/1623 1523/1470/1745 1522/1781/2823
f 1518/1472/1626 1519/1782/1625 1522/1781/2823 1523/1471/1745
s 260
f 1519/1782/2824 1520/1644/2408 1521/1641/2407 1522/1781/2825
s 262
f 1524/1645/2415 1525/1783/2826 1531/1784/2827 1530/1646/2416
s 34
f 1525/1783/1632 1526/1473/1631 1532/1474/1746 1531/1784/2828
f 1527/1478/1634 1528/1785/1633 1531/1784/2828 1532/1475/1746
s 264
f 1528/1785/2829 1529/1651/2424 1530/1646/2423 1531/1784/2830
s off
f 936/898/2831 933/897/2832 934/934/2833 951/933/2834 952/930/2835 949/929/2836 950/926/2837 947/925/2838 948/922/2839 945/921/2840 946/918/2841 943/917/2842 944/914/2843 941/913/2844 942/910/2845 939/909/2846 940/906/2847 937/905/2848 938/902/2849 935/901/2850
